Elapsed Dive Time (hr:min),Depth (M),TLBG (Tissue Loading Bar Graph) (segments),O2BG (Oxygen Bar Graph) (segments),Tank,Pressure Reading (BAR),PO2 (ATA),VARI (Variable Ascent Rate Indicator) (MPM),Air Time Remaining (hr:min),Dive Time Remaining (hr:min),Deco Time (hr:min),Stop Depth (M),Temp. (C),Link Status,Status
00:00,3.7 ,0,0,1,N/A,0,0-3 P,N/A,09:59,00:00,0.0 ,14.4 ,N/A,
00:00,4.0 ,0,0,1,N/A,0,0-3 P,N/A,09:59,00:00,0.0 ,14.4 ,N/A,
00:00,4.6 ,0,0,1,N/A,0,0-3 P,N/A,09:59,00:00,0.0 ,14.4 ,N/A,
00:00,4.9 ,0,0,1,N/A,0,0-3 P,N/A,09:59,00:00,0.0 ,14.4 ,N/A,
00:00,5.2 ,0,0,1,N/A,0,0-3 P,N/A,09:59,00:00,0.0 ,14.4 ,N/A,
00:00,5.5 ,0,0,1,N/A,0,0-3 P,N/A,09:59,00:00,0.0 ,14.4 ,N/A,
00:00,5.5 ,0,0,1,N/A,0,0-3 P,N/A,09:59,00:00,0.0 ,14.4 ,N/A,
00:00,5.5 ,0,0,1,N/A,0,0-3 P,N/A,09:59,00:00,0.0 ,14.4 ,N/A,
00:00,5.5 ,0,0,1,N/A,0,0-3 P,N/A,09:59,00:00,0.0 ,14.4 ,N/A,
00:00,5.5 ,0,0,1,N/A,0,0-3 P,N/A,09:59,00:00,0.0 ,14.4 ,N/A,
00:00,6.1 ,0,0,1,N/A,0,0-3 P,N/A,09:59,00:00,0.0 ,14.4 ,N/A,
00:00,6.4 ,0,0,1,N/A,0,0-3 P,N/A,09:59,00:00,0.0 ,14.4 ,N/A,
00:00,6.4 ,0,0,1,N/A,0,0-3 P,N/A,09:59,00:00,0.0 ,14.4 ,N/A,
00:00,6.4 ,0,0,1,N/A,0,0-3 P,N/A,09:59,00:00,0.0 ,14.4 ,N/A,
00:00,6.4 ,0,0,1,N/A,0,0-3 P,N/A,09:59,00:00,0.0 ,14.4 ,N/A,
00:00,6.4 ,0,0,1,N/A,0,0-3 P,N/A,09:59,00:00,0.0 ,14.4 ,N/A,
00:00,6.4 ,0,0,1,N/A,0,0-3 P,N/A,09:59,00:00,0.0 ,14.4 ,N/A,
00:00,6.4 ,0,0,1,N/A,0,0-3 P,N/A,09:59,00:00,0.0 ,14.4 ,N/A,
00:00,6.4 ,0,0,1,N/A,0,0-3 P,N/A,09:59,00:00,0.0 ,14.4 ,N/A,
00:00,6.4 ,0,0,1,N/A,0,0-3 P,N/A,09:59,00:00,0.0 ,14.4 ,N/A,
00:00,6.7 ,0,0,1,N/A,0,0-3 P,N/A,09:59,00:00,0.0 ,14.4 ,N/A,
00:00,7.0 ,0,0,1,N/A,0,0-3 P,N/A,08:51,00:00,0.0 ,14.4 ,N/A,
00:00,6.7 ,0,0,1,N/A,0,0-3 P,N/A,08:51,00:00,0.0 ,14.4 ,N/A,
00:00,7.0 ,0,0,1,N/A,0,0-3 P,N/A,08:51,00:00,0.0 ,14.4 ,N/A,
00:00,7.3 ,0,0,1,N/A,0,0-3 P,N/A,07:57,00:00,0.0 ,14.4 ,N/A,
00:00,7.6 ,0,0,1,N/A,0,0-3 P,N/A,07:15,00:00,0.0 ,14.4 ,N/A,
00:00,7.9 ,0,0,1,N/A,0,0-3 P,N/A,06:33,00:00,0.0 ,14.4 ,N/A,
00:00,7.6 ,0,0,1,N/A,0,0-3 P,N/A,06:33,00:00,0.0 ,14.4 ,N/A,
00:00,7.3 ,0,0,1,N/A,0,>9 P,N/A,07:57,00:00,0.0 ,14.4 ,N/A,Too Fast
00:00,7.0 ,0,0,1,N/A,0,7.5-9 P,N/A,07:57,00:00,0.0 ,13.9 ,N/A,
00:01,7.0 ,0,0,1,N/A,0,4.5-6 P,N/A,08:50,00:00,0.0 ,14.4 ,N/A,
00:01,7.0 ,0,0,1,N/A,0,3-4.5 P,N/A,08:50,00:00,0.0 ,14.4 ,N/A,
00:01,6.7 ,0,0,1,N/A,0,0-3 P,N/A,08:50,00:00,0.0 ,14.4 ,N/A,
00:01,6.7 ,0,0,1,N/A,0,0-3 P,N/A,08:50,00:00,0.0 ,14.4 ,N/A,
00:01,6.7 ,0,0,1,N/A,0,0-3 P,N/A,09:58,00:00,0.0 ,13.9 ,N/A,
00:01,7.0 ,0,0,1,N/A,0,0-3 P,N/A,08:50,00:00,0.0 ,14.4 ,N/A,
00:01,7.3 ,0,0,1,N/A,0,0-3 P,N/A,07:57,00:00,0.0 ,14.4 ,N/A,
00:01,7.6 ,0,0,1,N/A,0,0-3 P,N/A,07:15,00:00,0.0 ,13.9 ,N/A,
00:01,7.9 ,0,0,1,N/A,0,0-3 P,N/A,06:32,00:00,0.0 ,13.9 ,N/A,
00:01,7.9 ,0,0,1,N/A,0,0-3 P,N/A,06:32,00:00,0.0 ,13.9 ,N/A,
00:01,7.9 ,0,0,1,N/A,0,0-3 P,N/A,05:53,00:00,0.0 ,13.9 ,N/A,
00:01,7.9 ,0,0,1,N/A,0,0-3 P,N/A,05:53,00:00,0.0 ,13.9 ,N/A,
00:01,8.2 ,0,0,1,N/A,0,0-3 P,N/A,05:53,00:00,0.0 ,13.9 ,N/A,
00:01,8.2 ,0,0,1,N/A,0,0-3 P,N/A,05:53,00:00,0.0 ,14.4 ,N/A,
00:01,8.2 ,0,0,1,N/A,0,0-3 P,N/A,05:53,00:00,0.0 ,14.4 ,N/A,
00:01,8.2 ,0,0,1,N/A,0,0-3 P,N/A,05:53,00:00,0.0 ,14.4 ,N/A,
00:01,8.2 ,0,0,1,N/A,0,0-3 P,N/A,05:53,00:00,0.0 ,13.9 ,N/A,
00:01,8.2 ,0,0,1,N/A,0,0-3 P,N/A,05:22,00:00,0.0 ,13.9 ,N/A,
00:01,8.2 ,0,0,1,N/A,0,0-3 P,N/A,05:53,00:00,0.0 ,13.9 ,N/A,
00:01,7.9 ,0,0,1,N/A,0,0-3 P,N/A,05:53,00:00,0.0 ,14.4 ,N/A,
00:01,7.3 ,0,0,1,N/A,0,4.5-6 P,N/A,06:32,00:00,0.0 ,13.9 ,N/A,
00:01,7.0 ,0,0,1,N/A,0,>9 P,N/A,08:50,00:00,0.0 ,13.9 ,N/A,Too Fast
00:01,7.0 ,0,0,1,N/A,0,>9 P,N/A,08:50,00:00,0.0 ,13.9 ,N/A,Too Fast
00:01,7.6 ,0,0,1,N/A,0,0-3 P,N/A,06:32,00:00,0.0 ,13.9 ,N/A,
00:01,7.6 ,0,0,1,N/A,0,0-3 P,N/A,07:14,00:00,0.0 ,13.9 ,N/A,
00:01,7.6 ,0,0,1,N/A,0,0-3 P,N/A,07:14,00:00,0.0 ,13.9 ,N/A,
00:01,7.6 ,0,0,1,N/A,0,0-3 P,N/A,06:32,00:00,0.0 ,13.9 ,N/A,
00:01,7.9 ,0,0,1,N/A,0,0-3 P,N/A,05:53,00:00,0.0 ,13.9 ,N/A,
00:01,7.9 ,0,0,1,N/A,0,3-4.5 P,N/A,06:32,00:00,0.0 ,13.9 ,N/A,
00:01,7.9 ,0,0,1,N/A,0,3-4.5 P,N/A,05:53,00:00,0.0 ,13.9 ,N/A,
00:02,7.6 ,0,0,1,N/A,0,4.5-6 P,N/A,06:32,00:00,0.0 ,13.9 ,N/A,
00:02,7.6 ,0,0,1,N/A,0,6-7.5 P,N/A,06:32,00:00,0.0 ,13.9 ,N/A,
00:02,7.6 ,0,0,1,N/A,0,0-3 P,N/A,06:31,00:00,0.0 ,13.9 ,N/A,
00:02,7.6 ,0,0,1,N/A,0,0-3 P,N/A,07:14,00:00,0.0 ,13.9 ,N/A,
00:02,7.0 ,0,0,1,N/A,0,4.5-6 P,N/A,07:14,00:00,0.0 ,13.9 ,N/A,
00:02,7.0 ,0,0,1,N/A,0,>9 P,N/A,07:56,00:00,0.0 ,13.9 ,N/A,Too Fast
00:02,7.6 ,0,0,1,N/A,0,6-7.5 P,N/A,06:31,00:00,0.0 ,13.9 ,N/A,
00:02,7.3 ,0,0,1,N/A,0,0-3 P,N/A,07:13,00:00,0.0 ,13.9 ,N/A,
00:02,7.3 ,0,0,1,N/A,0,4.5-6 P,N/A,07:13,00:00,0.0 ,13.9 ,N/A,
00:02,7.3 ,0,0,1,N/A,0,3-4.5 P,N/A,07:13,00:00,0.0 ,13.9 ,N/A,
00:02,7.6 ,0,0,1,N/A,0,0-3 P,N/A,07:13,00:00,0.0 ,13.9 ,N/A,
00:02,7.3 ,0,0,1,N/A,0,0-3 P,N/A,07:13,00:00,0.0 ,13.9 ,N/A,
00:02,7.3 ,0,0,1,N/A,0,0-3 P,N/A,07:13,00:00,0.0 ,13.9 ,N/A,
00:02,7.0 ,0,0,1,N/A,0,6-7.5 P,N/A,07:56,00:00,0.0 ,13.9 ,N/A,
00:02,7.3 ,0,0,1,N/A,0,4.5-6 P,N/A,07:13,00:00,0.0 ,13.9 ,N/A,
00:02,7.6 ,0,0,1,N/A,0,0-3 P,N/A,07:13,00:00,0.0 ,13.9 ,N/A,
00:02,7.3 ,0,0,1,N/A,0,3-4.5 P,N/A,07:13,00:00,0.0 ,13.9 ,N/A,
00:02,7.6 ,0,0,1,N/A,0,3-4.5 P,N/A,07:13,00:00,0.0 ,13.9 ,N/A,
00:02,7.3 ,0,0,1,N/A,0,0-3 P,N/A,07:13,00:00,0.0 ,13.9 ,N/A,
00:02,7.6 ,0,0,1,N/A,0,3-4.5 P,N/A,07:13,00:00,0.0 ,13.9 ,N/A,
00:02,7.6 ,0,0,1,N/A,0,0-3 P,N/A,06:31,00:00,0.0 ,13.9 ,N/A,
00:02,7.6 ,0,0,1,N/A,0,3-4.5 P,N/A,07:13,00:00,0.0 ,13.9 ,N/A,
00:02,7.6 ,0,0,1,N/A,0,3-4.5 P,N/A,06:31,00:00,0.0 ,13.9 ,N/A,
00:02,7.6 ,0,0,1,N/A,0,0-3 P,N/A,06:31,00:00,0.0 ,13.9 ,N/A,
00:02,7.9 ,0,0,1,N/A,0,0-3 P,N/A,06:31,00:00,0.0 ,13.9 ,N/A,
00:02,8.2 ,0,0,1,N/A,0,0-3 P,N/A,05:52,00:00,0.0 ,13.9 ,N/A,
00:02,8.2 ,0,0,1,N/A,0,0-3 P,N/A,05:52,00:00,0.0 ,13.9 ,N/A,
00:02,7.6 ,0,0,1,N/A,0,4.5-6 P,N/A,06:31,00:00,0.0 ,13.9 ,N/A,
00:02,7.6 ,0,0,1,N/A,0,>9 P,N/A,07:13,00:00,0.0 ,13.9 ,N/A,Too Fast
00:02,8.2 ,0,0,1,N/A,0,4.5-6 P,N/A,05:52,00:00,0.0 ,13.9 ,N/A,
00:03,7.6 ,0,0,1,N/A,0,3-4.5 P,N/A,05:52,00:00,0.0 ,13.9 ,N/A,
00:03,7.6 ,0,0,1,N/A,0,7.5-9 P,N/A,07:13,00:00,0.0 ,13.9 ,N/A,
00:03,7.6 ,0,0,1,N/A,0,6-7.5 P,N/A,07:13,00:00,0.0 ,13.9 ,N/A,
00:03,7.3 ,0,0,1,N/A,0,3-4.5 P,N/A,07:13,00:00,0.0 ,13.9 ,N/A,
00:03,7.3 ,0,0,1,N/A,0,0-3 P,N/A,07:13,00:00,0.0 ,13.9 ,N/A,
00:03,7.3 ,0,0,1,N/A,0,3-4.5 P,N/A,07:13,00:00,0.0 ,13.9 ,N/A,
00:03,7.9 ,0,0,1,N/A,0,3-4.5 P,N/A,06:30,00:00,0.0 ,13.9 ,N/A,
00:03,7.9 ,0,0,1,N/A,0,0-3 P,N/A,05:51,00:00,0.0 ,13.9 ,N/A,
00:03,7.9 ,0,0,1,N/A,0,0-3 P,N/A,05:51,00:00,0.0 ,13.9 ,N/A,
00:03,7.6 ,0,0,1,N/A,0,0-3 P,N/A,06:30,00:00,0.0 ,13.9 ,N/A,
00:03,7.6 ,0,0,1,N/A,0,6-7.5 P,N/A,07:12,00:00,0.0 ,13.9 ,N/A,
00:03,7.9 ,0,0,1,N/A,0,4.5-6 P,N/A,06:30,00:00,0.0 ,13.9 ,N/A,
00:03,7.9 ,0,0,1,N/A,0,0-3 P,N/A,06:30,00:00,0.0 ,13.9 ,N/A,
00:03,7.3 ,0,0,1,N/A,0,4.5-6 P,N/A,06:30,00:00,0.0 ,13.9 ,N/A,
00:03,7.3 ,0,0,1,N/A,0,7.5-9 P,N/A,07:12,00:00,0.0 ,13.9 ,N/A,
00:03,7.6 ,0,0,1,N/A,0,4.5-6 P,N/A,07:12,00:00,0.0 ,13.9 ,N/A,
00:03,7.6 ,0,0,1,N/A,0,0-3 P,N/A,07:12,00:00,0.0 ,13.9 ,N/A,
00:03,7.6 ,0,0,1,N/A,0,0-3 P,N/A,07:12,00:00,0.0 ,13.9 ,N/A,
00:03,7.3 ,1,0,1,N/A,0,0-3 P,N/A,06:30,00:00,0.0 ,13.9 ,N/A,
00:03,7.6 ,1,0,1,N/A,0,4.5-6 P,N/A,07:12,00:00,0.0 ,13.9 ,N/A,
00:03,7.6 ,1,0,1,N/A,0,3-4.5 P,N/A,06:30,00:00,0.0 ,13.9 ,N/A,
00:03,7.6 ,1,0,1,N/A,0,0-3 P,N/A,06:30,00:00,0.0 ,13.9 ,N/A,
00:03,7.0 ,1,0,1,N/A,0,3-4.5 P,N/A,07:12,00:00,0.0 ,13.9 ,N/A,
00:03,7.0 ,1,0,1,N/A,0,>9 P,N/A,07:54,00:00,0.0 ,13.9 ,N/A,Too Fast
00:03,7.0 ,1,0,1,N/A,0,6-7.5 P,N/A,08:47,00:00,0.0 ,13.9 ,N/A,
00:03,7.3 ,1,0,1,N/A,0,0-3 P,N/A,07:54,00:00,0.0 ,13.9 ,N/A,
00:03,7.0 ,1,0,1,N/A,0,0-3 P,N/A,07:54,00:00,0.0 ,13.9 ,N/A,
00:03,7.0 ,1,0,1,N/A,0,3-4.5 P,N/A,08:47,00:00,0.0 ,13.9 ,N/A,
00:03,7.0 ,1,0,1,N/A,0,3-4.5 P,N/A,08:47,00:00,0.0 ,13.9 ,N/A,
00:03,7.3 ,1,0,1,N/A,0,0-3 P,N/A,07:54,00:00,0.0 ,13.9 ,N/A,
00:04,7.0 ,1,0,1,N/A,0,0-3 P,N/A,07:54,00:00,0.0 ,13.9 ,N/A,
00:04,7.0 ,1,0,1,N/A,0,0-3 P,N/A,07:54,00:00,0.0 ,13.9 ,N/A,
00:04,6.7 ,1,0,1,N/A,0,3-4.5 P,N/A,08:47,00:00,0.0 ,13.9 ,N/A,
00:04,6.7 ,1,0,1,N/A,0,6-7.5 P,N/A,09:55,00:00,0.0 ,13.9 ,N/A,
00:04,7.0 ,1,0,1,N/A,0,3-4.5 P,N/A,08:47,00:00,0.0 ,13.9 ,N/A,
00:04,7.0 ,1,0,1,N/A,0,0-3 P,N/A,07:54,00:00,0.0 ,13.9 ,N/A,
00:04,6.4 ,1,0,1,N/A,0,7.5-9 P,N/A,09:55,00:00,0.0 ,13.9 ,N/A,
00:04,7.0 ,1,0,1,N/A,0,6-7.5 P,N/A,09:55,00:00,0.0 ,13.9 ,N/A,
00:04,6.4 ,1,0,1,N/A,0,0-3 P,N/A,08:47,00:00,0.0 ,13.9 ,N/A,
00:04,5.8 ,1,0,1,N/A,0,>9 P,N/A,09:59,00:00,0.0 ,13.9 ,N/A,Too Fast
00:04,6.4 ,1,0,1,N/A,0,>9 P,N/A,09:59,00:00,0.0 ,13.9 ,N/A,Too Fast
00:04,6.1 ,1,0,1,N/A,0,3-4.5 P,N/A,09:59,00:00,0.0 ,13.9 ,N/A,
00:04,6.1 ,1,0,1,N/A,0,6-7.5 P,N/A,09:59,00:00,0.0 ,13.9 ,N/A,
00:04,6.1 ,1,0,1,N/A,0,0-3 P,N/A,09:59,00:00,0.0 ,13.9 ,N/A,
00:04,5.8 ,1,0,1,N/A,0,3-4.5 P,N/A,09:59,00:00,0.0 ,13.9 ,N/A,
00:04,6.7 ,1,0,1,N/A,0,4.5-6 P,N/A,09:59,00:00,0.0 ,13.9 ,N/A,
00:04,7.0 ,1,0,1,N/A,0,0-3 P,N/A,08:47,00:00,0.0 ,13.9 ,N/A,
00:04,7.0 ,1,0,1,N/A,0,0-3 P,N/A,07:53,00:00,0.0 ,13.9 ,N/A,
00:04,7.0 ,1,0,1,N/A,0,0-3 P,N/A,07:53,00:00,0.0 ,13.9 ,N/A,
00:04,7.0 ,1,0,1,N/A,0,0-3 P,N/A,07:53,00:00,0.0 ,13.9 ,N/A,
00:04,7.3 ,1,0,1,N/A,0,0-3 P,N/A,07:53,00:00,0.0 ,13.9 ,N/A,
00:04,7.9 ,1,0,1,N/A,0,0-3 P,N/A,06:29,00:00,0.0 ,13.9 ,N/A,
00:04,8.2 ,1,0,1,N/A,0,0-3 P,N/A,05:50,00:00,0.0 ,13.9 ,N/A,
00:04,8.2 ,1,0,1,N/A,0,0-3 P,N/A,05:19,00:00,0.0 ,13.9 ,N/A,
00:04,8.2 ,1,0,1,N/A,0,0-3 P,N/A,05:19,00:00,0.0 ,13.9 ,N/A,
00:04,8.2 ,1,0,1,N/A,0,0-3 P,N/A,05:19,00:00,0.0 ,13.9 ,N/A,
00:04,8.2 ,1,0,1,N/A,0,0-3 P,N/A,05:19,00:00,0.0 ,13.9 ,N/A,
00:04,8.2 ,1,0,1,N/A,0,0-3 P,N/A,05:19,00:00,0.0 ,13.9 ,N/A,
00:04,8.2 ,1,0,1,N/A,0,0-3 P,N/A,05:19,00:00,0.0 ,13.9 ,N/A,
00:04,8.2 ,1,0,1,N/A,0,0-3 P,N/A,05:19,00:00,0.0 ,13.9 ,N/A,
00:05,8.2 ,1,0,1,N/A,0,0-3 P,N/A,05:19,00:00,0.0 ,13.9 ,N/A,
00:05,7.6 ,1,0,1,N/A,0,3-4.5 P,N/A,05:50,00:00,0.0 ,13.9 ,N/A,
00:05,7.0 ,1,0,1,N/A,0,>9 P,N/A,07:53,00:00,0.0 ,13.9 ,N/A,Too Fast
00:05,6.1 ,1,0,1,N/A,0,>9 P,N/A,09:59,00:00,0.0 ,13.9 ,N/A,Too Fast
00:05,6.4 ,1,0,1,N/A,0,>9 P,N/A,09:59,00:00,0.0 ,13.9 ,N/A,Too Fast
00:05,6.4 ,1,0,1,N/A,0,0-3 P,N/A,09:54,00:00,0.0 ,13.9 ,N/A,
00:05,6.1 ,1,0,1,N/A,0,0-3 P,N/A,09:59,00:00,0.0 ,13.9 ,N/A,
00:05,5.5 ,1,0,1,N/A,0,7.5-9 P,N/A,09:59,00:00,0.0 ,13.9 ,N/A,
00:05,5.2 ,1,0,1,N/A,0,>9 P,N/A,09:59,00:00,0.0 ,13.9 ,N/A,Too Fast
00:05,5.5 ,1,0,1,N/A,0,7.5-9 P,N/A,09:59,00:00,0.0 ,13.9 ,N/A,
00:05,5.5 ,1,0,1,N/A,0,0-3 P,N/A,09:59,00:00,0.0 ,13.9 ,N/A,
00:05,5.2 ,1,0,1,N/A,0,3-4.5 P,N/A,09:59,00:00,0.0 ,13.9 ,N/A,
00:05,5.2 ,1,0,1,N/A,0,6-7.5 P,N/A,09:59,00:00,0.0 ,13.9 ,N/A,
00:05,4.6 ,1,0,1,N/A,0,6-7.5 P,N/A,09:59,00:00,0.0 ,13.9 ,N/A,
00:05,4.9 ,1,0,1,N/A,0,7.5-9 P,N/A,09:59,00:00,0.0 ,13.9 ,N/A,
00:05,4.9 ,1,0,1,N/A,0,4.5-6 P,N/A,09:59,00:00,0.0 ,13.9 ,N/A,
00:05,4.9 ,1,0,1,N/A,0,0-3 P,N/A,09:59,00:00,0.0 ,13.9 ,N/A,
00:05,5.2 ,1,0,1,N/A,0,0-3 P,N/A,09:59,00:00,0.0 ,13.9 ,N/A,
00:05,5.2 ,1,0,1,N/A,0,0-3 P,N/A,09:59,00:00,0.0 ,13.9 ,N/A,
00:05,4.6 ,1,0,1,N/A,0,6-7.5 P,N/A,09:59,00:00,0.0 ,13.9 ,N/A,
00:05,4.9 ,1,0,1,N/A,0,>9 P,N/A,09:59,00:00,0.0 ,13.9 ,N/A,Too Fast
00:05,4.9 ,1,0,1,N/A,0,0-3 P,N/A,09:59,00:00,0.0 ,13.9 ,N/A,
00:05,4.9 ,1,0,1,N/A,0,0-3 P,N/A,09:59,00:00,0.0 ,13.9 ,N/A,
00:05,4.9 ,1,0,1,N/A,0,3-4.5 P,N/A,09:59,00:00,0.0 ,13.9 ,N/A,
00:05,4.6 ,1,0,1,N/A,0,4.5-6 P,N/A,09:59,00:00,0.0 ,13.9 ,N/A,
00:05,4.6 ,1,0,1,N/A,0,0-3 P,N/A,09:59,00:00,0.0 ,13.9 ,N/A,
00:05,4.6 ,1,0,1,N/A,0,0-3 P,N/A,09:59,00:00,0.0 ,13.9 ,N/A,
00:05,4.6 ,1,0,1,N/A,0,0-3 P,N/A,09:59,00:00,0.0 ,13.9 ,N/A,
00:05,4.6 ,1,0,1,N/A,0,0-3 P,N/A,09:59,00:00,0.0 ,13.9 ,N/A,
00:05,4.9 ,1,0,1,N/A,0,0-3 P,N/A,09:59,00:00,0.0 ,13.9 ,N/A,
00:06,4.9 ,1,0,1,N/A,0,0-3 P,N/A,09:59,00:00,0.0 ,13.9 ,N/A,
00:06,4.9 ,1,0,1,N/A,0,0-3 P,N/A,09:59,00:00,0.0 ,13.9 ,N/A,
00:06,4.9 ,1,0,1,N/A,0,0-3 P,N/A,09:59,00:00,0.0 ,13.9 ,N/A,
00:06,4.9 ,1,0,1,N/A,0,0-3 P,N/A,09:59,00:00,0.0 ,13.9 ,N/A,
00:06,4.9 ,1,0,1,N/A,0,0-3 P,N/A,09:59,00:00,0.0 ,13.9 ,N/A,
00:06,4.9 ,1,0,1,N/A,0,0-3 P,N/A,09:59,00:00,0.0 ,13.9 ,N/A,
00:06,4.6 ,1,0,1,N/A,0,0-3 P,N/A,09:59,00:00,0.0 ,13.9 ,N/A,
00:06,4.9 ,1,0,1,N/A,0,0-3 P,N/A,09:59,00:00,0.0 ,13.9 ,N/A,
00:06,5.2 ,1,0,1,N/A,0,0-3 P,N/A,09:59,00:00,0.0 ,13.9 ,N/A,
00:06,5.2 ,1,0,1,N/A,0,0-3 P,N/A,09:59,00:00,0.0 ,13.9 ,N/A,
00:06,5.2 ,1,0,1,N/A,0,0-3 P,N/A,09:59,00:00,0.0 ,13.9 ,N/A,
00:06,5.2 ,1,0,1,N/A,0,0-3 P,N/A,09:59,00:00,0.0 ,13.9 ,N/A,
00:06,5.2 ,1,0,1,N/A,0,0-3 P,N/A,09:59,00:00,0.0 ,13.9 ,N/A,
00:06,5.2 ,1,0,1,N/A,0,0-3 P,N/A,09:59,00:00,0.0 ,13.9 ,N/A,
00:06,5.2 ,1,0,1,N/A,0,0-3 P,N/A,09:59,00:00,0.0 ,13.9 ,N/A,
00:06,5.2 ,1,0,1,N/A,0,0-3 P,N/A,09:59,00:00,0.0 ,13.9 ,N/A,
00:06,5.2 ,1,0,1,N/A,0,0-3 P,N/A,09:59,00:00,0.0 ,13.9 ,N/A,
00:06,5.2 ,1,0,1,N/A,0,0-3 P,N/A,09:59,00:00,0.0 ,13.9 ,N/A,
00:06,5.2 ,1,0,1,N/A,0,0-3 P,N/A,09:59,00:00,0.0 ,13.9 ,N/A,
00:06,5.2 ,1,0,1,N/A,0,0-3 P,N/A,09:59,00:00,0.0 ,13.9 ,N/A,
00:06,5.2 ,1,0,1,N/A,0,0-3 P,N/A,09:59,00:00,0.0 ,13.9 ,N/A,
00:06,5.2 ,1,0,1,N/A,0,0-3 P,N/A,09:59,00:00,0.0 ,13.9 ,N/A,
00:06,5.2 ,1,0,1,N/A,0,0-3 P,N/A,09:59,00:00,0.0 ,13.9 ,N/A,
00:06,5.2 ,1,0,1,N/A,0,0-3 P,N/A,09:59,00:00,0.0 ,13.9 ,N/A,
00:06,5.2 ,1,0,1,N/A,0,0-3 P,N/A,09:59,00:00,0.0 ,13.9 ,N/A,
00:06,5.2 ,1,0,1,N/A,0,0-3 P,N/A,09:59,00:00,0.0 ,13.9 ,N/A,
00:06,5.2 ,1,0,1,N/A,0,0-3 P,N/A,09:59,00:00,0.0 ,13.9 ,N/A,
00:06,5.2 ,1,0,1,N/A,0,0-3 P,N/A,09:59,00:00,0.0 ,13.9 ,N/A,
00:06,5.2 ,1,0,1,N/A,0,0-3 P,N/A,09:59,00:00,0.0 ,13.9 ,N/A,
00:06,5.2 ,1,0,1,N/A,0,0-3 P,N/A,09:59,00:00,0.0 ,13.9 ,N/A,
00:07,5.2 ,1,0,1,N/A,0,0-3 P,N/A,09:59,00:00,0.0 ,13.9 ,N/A,
00:07,5.2 ,1,0,1,N/A,0,0-3 P,N/A,09:59,00:00,0.0 ,13.9 ,N/A,
00:07,5.2 ,1,0,1,N/A,0,0-3 P,N/A,09:59,00:00,0.0 ,13.9 ,N/A,
00:07,5.2 ,1,0,1,N/A,0,0-3 P,N/A,09:59,00:00,0.0 ,13.9 ,N/A,
00:07,5.2 ,1,0,1,N/A,0,0-3 P,N/A,09:59,00:00,0.0 ,13.9 ,N/A,
00:07,5.2 ,1,0,1,N/A,0,0-3 P,N/A,09:59,00:00,0.0 ,13.9 ,N/A,
00:07,5.2 ,1,0,1,N/A,0,0-3 P,N/A,09:59,00:00,0.0 ,13.9 ,N/A,
00:07,5.2 ,1,0,1,N/A,0,0-3 P,N/A,09:59,00:00,0.0 ,13.9 ,N/A,
00:07,5.2 ,1,0,1,N/A,0,0-3 P,N/A,09:59,00:00,0.0 ,13.9 ,N/A,
00:07,5.2 ,1,0,1,N/A,0,0-3 P,N/A,09:59,00:00,0.0 ,13.9 ,N/A,
00:07,5.2 ,1,0,1,N/A,0,0-3 P,N/A,09:59,00:00,0.0 ,13.9 ,N/A,
00:07,5.2 ,1,0,1,N/A,0,0-3 P,N/A,09:59,00:00,0.0 ,13.9 ,N/A,
00:07,5.2 ,1,0,1,N/A,0,0-3 P,N/A,09:59,00:00,0.0 ,13.9 ,N/A,
00:07,5.2 ,1,0,1,N/A,0,0-3 P,N/A,09:59,00:00,0.0 ,13.9 ,N/A,
00:07,5.2 ,1,0,1,N/A,0,0-3 P,N/A,09:59,00:00,0.0 ,13.9 ,N/A,
00:07,5.2 ,1,0,1,N/A,0,0-3 P,N/A,09:59,00:00,0.0 ,13.9 ,N/A,
00:07,4.9 ,1,0,1,N/A,0,0-3 P,N/A,09:59,00:00,0.0 ,13.9 ,N/A,
00:07,4.6 ,1,0,1,N/A,0,4.5-6 P,N/A,09:59,00:00,0.0 ,13.9 ,N/A,
00:07,4.6 ,1,0,1,N/A,0,6-7.5 P,N/A,09:59,00:00,0.0 ,13.9 ,N/A,
00:07,4.3 ,1,0,1,N/A,0,3-4.5 P,N/A,09:59,00:00,0.0 ,13.9 ,N/A,
00:07,4.3 ,1,0,1,N/A,0,3-4.5 P,N/A,09:59,00:00,0.0 ,13.9 ,N/A,
00:07,4.3 ,1,0,1,N/A,0,3-4.5 P,N/A,09:59,00:00,0.0 ,13.9 ,N/A,
00:07,4.0 ,1,0,1,N/A,0,0-3 P,N/A,09:59,00:00,0.0 ,13.9 ,N/A,
00:07,4.3 ,1,0,1,N/A,0,0-3 P,N/A,09:59,00:00,0.0 ,13.9 ,N/A,
00:07,4.6 ,1,0,1,N/A,0,0-3 P,N/A,09:59,00:00,0.0 ,13.9 ,N/A,
00:07,4.3 ,1,0,1,N/A,0,0-3 P,N/A,09:59,00:00,0.0 ,13.9 ,N/A,
00:07,4.3 ,1,0,1,N/A,0,0-3 P,N/A,09:59,00:00,0.0 ,13.9 ,N/A,
00:07,4.3 ,1,0,1,N/A,0,0-3 P,N/A,09:59,00:00,0.0 ,13.9 ,N/A,
00:07,4.3 ,1,0,1,N/A,0,0-3 P,N/A,09:59,00:00,0.0 ,13.9 ,N/A,
00:07,4.6 ,1,0,1,N/A,0,0-3 P,N/A,09:59,00:00,0.0 ,13.9 ,N/A,
00:08,4.3 ,1,0,1,N/A,0,0-3 P,N/A,09:59,00:00,0.0 ,13.9 ,N/A,
00:08,4.3 ,1,0,1,N/A,0,3-4.5 P,N/A,09:59,00:00,0.0 ,13.9 ,N/A,
00:08,4.6 ,1,0,1,N/A,0,0-3 P,N/A,09:59,00:00,0.0 ,13.9 ,N/A,
00:08,4.9 ,1,0,1,N/A,0,0-3 P,N/A,09:59,00:00,0.0 ,13.9 ,N/A,
00:08,5.2 ,1,0,1,N/A,0,0-3 P,N/A,09:59,00:00,0.0 ,13.9 ,N/A,
00:08,5.8 ,1,0,1,N/A,0,0-3 P,N/A,09:59,00:00,0.0 ,13.9 ,N/A,
00:08,6.1 ,1,0,1,N/A,0,0-3 P,N/A,09:59,00:00,0.0 ,13.9 ,N/A,
00:08,6.1 ,1,0,1,N/A,0,0-3 P,N/A,09:59,00:00,0.0 ,13.9 ,N/A,
00:08,6.1 ,1,0,1,N/A,0,0-3 P,N/A,09:59,00:00,0.0 ,13.9 ,N/A,
00:08,6.4 ,1,0,1,N/A,0,0-3 P,N/A,09:59,00:00,0.0 ,14.4 ,N/A,
00:08,6.1 ,1,0,1,N/A,0,0-3 P,N/A,09:59,00:00,0.0 ,13.9 ,N/A,
00:08,6.4 ,1,0,1,N/A,0,0-3 P,N/A,09:59,00:00,0.0 ,13.9 ,N/A,
00:08,6.4 ,1,0,1,N/A,0,0-3 P,N/A,09:59,00:00,0.0 ,13.9 ,N/A,
00:08,6.4 ,1,0,1,N/A,0,0-3 P,N/A,09:59,00:00,0.0 ,13.9 ,N/A,
00:08,6.4 ,1,0,1,N/A,0,0-3 P,N/A,09:51,00:00,0.0 ,13.9 ,N/A,
00:08,6.4 ,1,0,1,N/A,0,0-3 P,N/A,09:59,00:00,0.0 ,13.9 ,N/A,
00:08,6.4 ,1,0,1,N/A,0,0-3 P,N/A,09:59,00:00,0.0 ,13.9 ,N/A,
00:08,6.4 ,1,0,1,N/A,0,0-3 P,N/A,09:59,00:00,0.0 ,13.9 ,N/A,
00:08,6.4 ,1,0,1,N/A,0,0-3 P,N/A,09:59,00:00,0.0 ,13.9 ,N/A,
00:08,6.4 ,1,0,1,N/A,0,0-3 P,N/A,09:59,00:00,0.0 ,13.9 ,N/A,
00:08,6.4 ,1,0,1,N/A,0,0-3 P,N/A,09:51,00:00,0.0 ,13.9 ,N/A,
00:08,6.4 ,1,0,1,N/A,0,0-3 P,N/A,09:59,00:00,0.0 ,13.9 ,N/A,
00:08,6.4 ,1,0,1,N/A,0,0-3 P,N/A,09:59,00:00,0.0 ,14.4 ,N/A,
00:08,6.4 ,1,0,1,N/A,0,0-3 P,N/A,09:59,00:00,0.0 ,13.9 ,N/A,
00:08,6.4 ,1,0,1,N/A,0,0-3 P,N/A,09:59,00:00,0.0 ,13.9 ,N/A,
00:08,6.4 ,1,0,1,N/A,0,0-3 P,N/A,09:59,00:00,0.0 ,13.9 ,N/A,
00:08,6.4 ,1,0,1,N/A,0,0-3 P,N/A,09:51,00:00,0.0 ,13.9 ,N/A,
00:08,6.4 ,1,0,1,N/A,0,0-3 P,N/A,09:51,00:00,0.0 ,13.9 ,N/A,
00:08,6.4 ,1,0,1,N/A,0,0-3 P,N/A,09:59,00:00,0.0 ,13.9 ,N/A,
00:08,6.4 ,1,0,1,N/A,0,0-3 P,N/A,09:59,00:00,0.0 ,13.9 ,N/A,
00:09,6.4 ,1,0,1,N/A,0,0-3 P,N/A,09:59,00:00,0.0 ,13.9 ,N/A,
00:09,6.4 ,1,0,1,N/A,0,0-3 P,N/A,09:59,00:00,0.0 ,13.9 ,N/A,
00:09,6.4 ,1,0,1,N/A,0,0-3 P,N/A,09:51,00:00,0.0 ,13.9 ,N/A,
00:09,6.4 ,1,0,1,N/A,0,0-3 P,N/A,09:59,00:00,0.0 ,13.9 ,N/A,
00:09,6.4 ,1,0,1,N/A,0,0-3 P,N/A,09:59,00:00,0.0 ,13.9 ,N/A,
00:09,6.4 ,1,0,1,N/A,0,0-3 P,N/A,09:59,00:00,0.0 ,13.9 ,N/A,
00:09,6.4 ,1,0,1,N/A,0,0-3 P,N/A,09:59,00:00,0.0 ,13.9 ,N/A,
00:09,6.4 ,1,0,1,N/A,0,0-3 P,N/A,09:59,00:00,0.0 ,13.9 ,N/A,
00:09,6.4 ,1,0,1,N/A,0,0-3 P,N/A,09:59,00:00,0.0 ,13.9 ,N/A,
00:09,6.4 ,1,0,1,N/A,0,0-3 P,N/A,09:59,00:00,0.0 ,13.9 ,N/A,
00:09,6.4 ,1,0,1,N/A,0,0-3 P,N/A,09:59,00:00,0.0 ,13.9 ,N/A,
00:09,6.4 ,1,0,1,N/A,0,0-3 P,N/A,09:59,00:00,0.0 ,13.9 ,N/A,
00:09,6.1 ,1,0,1,N/A,0,0-3 P,N/A,09:59,00:00,0.0 ,13.9 ,N/A,
00:09,6.4 ,1,0,1,N/A,0,0-3 P,N/A,09:59,00:00,0.0 ,13.9 ,N/A,
00:09,6.1 ,1,0,1,N/A,0,0-3 P,N/A,09:59,00:00,0.0 ,13.9 ,N/A,
00:09,6.4 ,1,0,1,N/A,0,0-3 P,N/A,09:59,00:00,0.0 ,13.9 ,N/A,
00:09,6.4 ,1,0,1,N/A,0,0-3 P,N/A,09:59,00:00,0.0 ,13.9 ,N/A,
00:09,6.7 ,1,0,1,N/A,0,0-3 P,N/A,09:50,00:00,0.0 ,13.9 ,N/A,
00:09,6.4 ,1,0,1,N/A,0,0-3 P,N/A,09:50,00:00,0.0 ,13.9 ,N/A,
00:09,6.4 ,1,0,1,N/A,0,0-3 P,N/A,09:50,00:00,0.0 ,13.9 ,N/A,
00:09,6.4 ,1,0,1,N/A,0,0-3 P,N/A,09:50,00:00,0.0 ,13.9 ,N/A,
00:09,6.4 ,1,0,1,N/A,0,3-4.5 P,N/A,09:59,00:00,0.0 ,13.9 ,N/A,
00:09,6.4 ,1,0,1,N/A,0,0-3 P,N/A,09:50,00:00,0.0 ,13.9 ,N/A,
00:09,6.7 ,1,0,1,N/A,0,0-3 P,N/A,09:50,00:00,0.0 ,13.9 ,N/A,
00:09,6.7 ,1,0,1,N/A,0,0-3 P,N/A,09:50,00:00,0.0 ,13.9 ,N/A,
00:09,6.4 ,1,0,1,N/A,0,3-4.5 P,N/A,09:50,00:00,0.0 ,13.9 ,N/A,
00:09,6.4 ,1,0,1,N/A,0,4.5-6 P,N/A,09:50,00:00,0.0 ,13.9 ,N/A,
00:09,6.4 ,1,0,1,N/A,0,0-3 P,N/A,09:50,00:00,0.0 ,13.9 ,N/A,
00:09,6.4 ,1,0,1,N/A,0,0-3 P,N/A,09:59,00:00,0.0 ,13.9 ,N/A,
00:09,6.1 ,1,0,1,N/A,0,0-3 P,N/A,09:59,00:00,0.0 ,13.9 ,N/A,
00:10,6.1 ,1,0,1,N/A,0,0-3 P,N/A,09:59,00:00,0.0 ,13.9 ,N/A,
00:10,6.4 ,1,0,1,N/A,0,0-3 P,N/A,09:59,00:00,0.0 ,13.9 ,N/A,
00:10,6.4 ,1,0,1,N/A,0,0-3 P,N/A,09:59,00:00,0.0 ,13.9 ,N/A,
00:10,6.4 ,1,0,1,N/A,0,0-3 P,N/A,09:50,00:00,0.0 ,13.9 ,N/A,
00:10,6.4 ,1,0,1,N/A,0,0-3 P,N/A,09:50,00:00,0.0 ,13.9 ,N/A,
00:10,6.4 ,1,0,1,N/A,0,0-3 P,N/A,09:50,00:00,0.0 ,13.9 ,N/A,
00:10,6.4 ,1,0,1,N/A,0,0-3 P,N/A,09:50,00:00,0.0 ,13.9 ,N/A,
00:10,6.4 ,1,0,1,N/A,0,3-4.5 P,N/A,09:59,00:00,0.0 ,13.9 ,N/A,
00:10,6.4 ,1,0,1,N/A,0,3-4.5 P,N/A,09:59,00:00,0.0 ,13.9 ,N/A,
00:10,6.4 ,1,0,1,N/A,0,0-3 P,N/A,09:59,00:00,0.0 ,13.9 ,N/A,
00:10,6.4 ,1,0,1,N/A,0,0-3 P,N/A,09:49,00:00,0.0 ,13.9 ,N/A,
00:10,6.4 ,1,0,1,N/A,0,0-3 P,N/A,09:49,00:00,0.0 ,13.9 ,N/A,
00:10,6.4 ,1,0,1,N/A,0,0-3 P,N/A,09:49,00:00,0.0 ,13.9 ,N/A,
00:10,6.4 ,1,0,1,N/A,0,0-3 P,N/A,09:49,00:00,0.0 ,13.9 ,N/A,
00:10,6.4 ,1,0,1,N/A,0,0-3 P,N/A,09:49,00:00,0.0 ,13.9 ,N/A,
00:10,6.4 ,1,0,1,N/A,0,0-3 P,N/A,09:49,00:00,0.0 ,13.9 ,N/A,
00:10,6.4 ,1,0,1,N/A,0,0-3 P,N/A,09:49,00:00,0.0 ,13.9 ,N/A,
00:10,6.4 ,1,0,1,N/A,0,0-3 P,N/A,09:49,00:00,0.0 ,13.9 ,N/A,
00:10,6.1 ,1,0,1,N/A,0,0-3 P,N/A,09:59,00:00,0.0 ,13.9 ,N/A,
00:10,6.1 ,1,0,1,N/A,0,3-4.5 P,N/A,09:59,00:00,0.0 ,13.9 ,N/A,
00:10,6.1 ,1,0,1,N/A,0,4.5-6 P,N/A,09:59,00:00,0.0 ,13.9 ,N/A,
00:10,5.8 ,1,0,1,N/A,0,3-4.5 P,N/A,09:59,00:00,0.0 ,13.9 ,N/A,
00:10,5.8 ,1,0,1,N/A,0,3-4.5 P,N/A,09:59,00:00,0.0 ,13.9 ,N/A,
00:10,5.8 ,1,0,1,N/A,0,3-4.5 P,N/A,09:59,00:00,0.0 ,13.9 ,N/A,
00:10,6.1 ,1,0,1,N/A,0,0-3 P,N/A,09:59,00:00,0.0 ,13.9 ,N/A,
00:10,6.1 ,1,0,1,N/A,0,0-3 P,N/A,09:59,00:00,0.0 ,13.9 ,N/A,
00:10,6.1 ,1,0,1,N/A,0,0-3 P,N/A,09:59,00:00,0.0 ,13.9 ,N/A,
00:10,6.1 ,1,0,1,N/A,0,0-3 P,N/A,09:59,00:00,0.0 ,13.9 ,N/A,
00:10,5.8 ,1,0,1,N/A,0,0-3 P,N/A,09:59,00:00,0.0 ,13.9 ,N/A,
00:10,5.8 ,1,0,1,N/A,0,3-4.5 P,N/A,09:59,00:00,0.0 ,13.9 ,N/A,
00:11,5.5 ,1,0,1,N/A,0,6-7.5 P,N/A,09:59,00:00,0.0 ,13.9 ,N/A,
00:11,5.5 ,1,0,1,N/A,0,3-4.5 P,N/A,09:59,00:00,0.0 ,13.9 ,N/A,
00:11,5.5 ,1,0,1,N/A,0,0-3 P,N/A,09:59,00:00,0.0 ,13.9 ,N/A,
00:11,5.2 ,1,0,1,N/A,0,0-3 P,N/A,09:59,00:00,0.0 ,13.9 ,N/A,
00:11,5.5 ,1,0,1,N/A,0,0-3 P,N/A,09:59,00:00,0.0 ,13.9 ,N/A,
00:11,5.5 ,1,0,1,N/A,0,0-3 P,N/A,09:59,00:00,0.0 ,13.9 ,N/A,
00:11,5.5 ,1,0,1,N/A,0,0-3 P,N/A,09:59,00:00,0.0 ,13.9 ,N/A,
00:11,5.5 ,1,0,1,N/A,0,0-3 P,N/A,09:59,00:00,0.0 ,13.9 ,N/A,
00:11,5.2 ,1,0,1,N/A,0,4.5-6 P,N/A,09:59,00:00,0.0 ,13.9 ,N/A,
00:11,5.2 ,1,0,1,N/A,0,4.5-6 P,N/A,09:59,00:00,0.0 ,13.9 ,N/A,
00:11,5.2 ,1,0,1,N/A,0,0-3 P,N/A,09:59,00:00,0.0 ,13.9 ,N/A,
00:11,5.2 ,1,0,1,N/A,0,0-3 P,N/A,09:59,00:00,0.0 ,13.9 ,N/A,
00:11,5.2 ,1,0,1,N/A,0,0-3 P,N/A,09:59,00:00,0.0 ,13.9 ,N/A,
00:11,5.2 ,1,0,1,N/A,0,0-3 P,N/A,09:59,00:00,0.0 ,13.9 ,N/A,
00:11,5.2 ,1,0,1,N/A,0,0-3 P,N/A,09:59,00:00,0.0 ,13.9 ,N/A,
00:11,5.2 ,1,0,1,N/A,0,0-3 P,N/A,09:59,00:00,0.0 ,13.9 ,N/A,
00:11,5.2 ,1,0,1,N/A,0,0-3 P,N/A,09:59,00:00,0.0 ,13.9 ,N/A,
00:11,5.2 ,1,0,1,N/A,0,0-3 P,N/A,09:59,00:00,0.0 ,13.9 ,N/A,
00:11,5.2 ,1,0,1,N/A,0,0-3 P,N/A,09:59,00:00,0.0 ,13.9 ,N/A,
00:11,5.2 ,1,0,1,N/A,0,0-3 P,N/A,09:59,00:00,0.0 ,13.9 ,N/A,
00:11,5.2 ,1,0,1,N/A,0,0-3 P,N/A,09:59,00:00,0.0 ,13.9 ,N/A,
00:11,5.2 ,1,0,1,N/A,0,0-3 P,N/A,09:59,00:00,0.0 ,13.9 ,N/A,
00:11,4.9 ,1,0,1,N/A,0,3-4.5 P,N/A,09:59,00:00,0.0 ,13.9 ,N/A,
00:11,4.6 ,1,0,1,N/A,0,6-7.5 P,N/A,09:59,00:00,0.0 ,13.9 ,N/A,
00:11,4.6 ,1,0,1,N/A,0,3-4.5 P,N/A,09:59,00:00,0.0 ,13.9 ,N/A,
00:11,4.9 ,1,0,1,N/A,0,0-3 P,N/A,09:59,00:00,0.0 ,13.9 ,N/A,
00:11,4.6 ,1,0,1,N/A,0,0-3 P,N/A,09:59,00:00,0.0 ,13.9 ,N/A,
00:11,4.6 ,1,0,1,N/A,0,0-3 P,N/A,09:59,00:00,0.0 ,13.9 ,N/A,
00:11,4.6 ,1,0,1,N/A,0,0-3 P,N/A,09:59,00:00,0.0 ,13.9 ,N/A,
00:11,4.6 ,1,0,1,N/A,0,0-3 P,N/A,09:59,00:00,0.0 ,13.9 ,N/A,
00:12,4.6 ,1,0,1,N/A,0,0-3 P,N/A,09:59,00:00,0.0 ,13.9 ,N/A,
00:12,4.6 ,1,0,1,N/A,0,0-3 P,N/A,09:59,00:00,0.0 ,13.9 ,N/A,
00:12,4.9 ,1,0,1,N/A,0,0-3 P,N/A,09:59,00:00,0.0 ,13.9 ,N/A,
00:12,4.9 ,1,0,1,N/A,0,0-3 P,N/A,09:59,00:00,0.0 ,13.9 ,N/A,
00:12,5.2 ,1,0,1,N/A,0,0-3 P,N/A,09:59,00:00,0.0 ,13.9 ,N/A,
00:12,4.9 ,1,0,1,N/A,0,0-3 P,N/A,09:59,00:00,0.0 ,13.9 ,N/A,
00:12,4.6 ,1,0,1,N/A,0,4.5-6 P,N/A,09:59,00:00,0.0 ,13.9 ,N/A,
00:12,4.6 ,1,0,1,N/A,0,3-4.5 P,N/A,09:59,00:00,0.0 ,13.9 ,N/A,
00:12,4.6 ,1,0,1,N/A,0,0-3 P,N/A,09:59,00:00,0.0 ,13.9 ,N/A,
00:12,4.0 ,1,0,1,N/A,0,6-7.5 P,N/A,09:59,00:00,0.0 ,13.9 ,N/A,
00:12,4.0 ,1,0,1,N/A,0,6-7.5 P,N/A,09:59,00:00,0.0 ,13.9 ,N/A,
00:12,4.0 ,1,0,1,N/A,0,3-4.5 P,N/A,09:59,00:00,0.0 ,13.9 ,N/A,
00:12,3.7 ,1,0,1,N/A,0,4.5-6 P,N/A,09:59,00:00,0.0 ,13.9 ,N/A,
00:12,3.7 ,1,0,1,N/A,0,7.5-9 P,N/A,09:59,00:00,0.0 ,13.9 ,N/A,
00:12,3.7 ,1,0,1,N/A,0,4.5-6 P,N/A,09:59,00:00,0.0 ,13.9 ,N/A,
00:12,4.3 ,1,0,1,N/A,0,0-3 P,N/A,09:59,00:00,0.0 ,13.9 ,N/A,
00:12,4.3 ,1,0,1,N/A,0,0-3 P,N/A,09:59,00:00,0.0 ,13.9 ,N/A,
00:12,4.6 ,1,0,1,N/A,0,0-3 P,N/A,09:59,00:00,0.0 ,13.9 ,N/A,
00:12,4.6 ,1,0,1,N/A,0,0-3 P,N/A,09:59,00:00,0.0 ,13.9 ,N/A,
00:12,4.3 ,1,0,1,N/A,0,0-3 P,N/A,09:59,00:00,0.0 ,13.9 ,N/A,
00:12,4.0 ,1,0,1,N/A,0,4.5-6 P,N/A,09:59,00:00,0.0 ,13.9 ,N/A,
00:12,4.0 ,1,0,1,N/A,0,4.5-6 P,N/A,09:59,00:00,0.0 ,13.9 ,N/A,
00:12,4.0 ,1,0,1,N/A,0,0-3 P,N/A,09:59,00:00,0.0 ,13.9 ,N/A,
00:12,4.0 ,1,0,1,N/A,0,0-3 P,N/A,09:59,00:00,0.0 ,13.9 ,N/A,
00:12,4.0 ,1,0,1,N/A,0,0-3 P,N/A,09:59,00:00,0.0 ,13.9 ,N/A,
00:12,4.0 ,1,0,1,N/A,0,0-3 P,N/A,09:59,00:00,0.0 ,13.9 ,N/A,
00:12,4.0 ,1,0,1,N/A,0,0-3 P,N/A,09:59,00:00,0.0 ,13.9 ,N/A,
00:12,4.0 ,1,0,1,N/A,0,0-3 P,N/A,09:59,00:00,0.0 ,13.9 ,N/A,
00:12,4.0 ,1,0,1,N/A,0,0-3 P,N/A,09:59,00:00,0.0 ,13.9 ,N/A,
00:12,4.0 ,1,0,1,N/A,0,0-3 P,N/A,09:59,00:00,0.0 ,13.9 ,N/A,
00:13,4.0 ,1,0,1,N/A,0,0-3 P,N/A,09:59,00:00,0.0 ,13.9 ,N/A,
00:13,4.0 ,1,0,1,N/A,0,0-3 P,N/A,09:59,00:00,0.0 ,13.9 ,N/A,
00:13,3.7 ,1,0,1,N/A,0,0-3 P,N/A,09:59,00:00,0.0 ,13.9 ,N/A,
00:13,3.7 ,1,0,1,N/A,0,3-4.5 P,N/A,09:59,00:00,0.0 ,13.9 ,N/A,
00:13,3.7 ,1,0,1,N/A,0,6-7.5 P,N/A,09:59,00:00,0.0 ,13.9 ,N/A,
00:13,3.7 ,1,0,1,N/A,0,4.5-6 P,N/A,09:59,00:00,0.0 ,13.9 ,N/A,
00:13,3.4 ,1,0,1,N/A,0,0-3 P,N/A,09:59,00:00,0.0 ,13.9 ,N/A,
00:13,3.4 ,1,0,1,N/A,0,3-4.5 P,N/A,09:59,00:00,0.0 ,13.9 ,N/A,
00:13,3.7 ,1,0,1,N/A,0,0-3 P,N/A,09:59,00:00,0.0 ,13.9 ,N/A,
00:13,3.7 ,1,0,1,N/A,0,0-3 P,N/A,09:59,00:00,0.0 ,13.9 ,N/A,
00:13,3.7 ,1,0,1,N/A,0,0-3 P,N/A,09:59,00:00,0.0 ,13.9 ,N/A,
00:13,3.7 ,1,0,1,N/A,0,0-3 P,N/A,09:59,00:00,0.0 ,13.9 ,N/A,
00:13,3.7 ,1,0,1,N/A,0,0-3 P,N/A,09:59,00:00,0.0 ,13.9 ,N/A,
00:13,3.7 ,1,0,1,N/A,0,3-4.5 P,N/A,09:59,00:00,0.0 ,13.9 ,N/A,
00:13,3.7 ,1,0,1,N/A,0,0-3 P,N/A,09:59,00:00,0.0 ,13.9 ,N/A,
00:13,3.7 ,1,0,1,N/A,0,0-3 P,N/A,09:59,00:00,0.0 ,13.9 ,N/A,
00:13,4.3 ,1,0,1,N/A,0,0-3 P,N/A,09:59,00:00,0.0 ,13.9 ,N/A,
00:13,4.6 ,1,0,1,N/A,0,0-3 P,N/A,09:59,00:00,0.0 ,13.9 ,N/A,
00:13,5.2 ,1,0,1,N/A,0,0-3 P,N/A,09:59,00:00,0.0 ,13.9 ,N/A,
00:13,5.2 ,1,0,1,N/A,0,0-3 P,N/A,09:59,00:00,0.0 ,13.9 ,N/A,
00:13,5.2 ,1,0,1,N/A,0,0-3 P,N/A,09:59,00:00,0.0 ,13.9 ,N/A,
00:13,4.9 ,1,0,1,N/A,0,0-3 P,N/A,09:59,00:00,0.0 ,13.9 ,N/A,
00:13,4.9 ,1,0,1,N/A,0,3-4.5 P,N/A,09:59,00:00,0.0 ,13.9 ,N/A,
00:13,5.2 ,1,0,1,N/A,0,0-3 P,N/A,09:59,00:00,0.0 ,13.9 ,N/A,
00:13,5.2 ,1,0,1,N/A,0,0-3 P,N/A,09:59,00:00,0.0 ,13.9 ,N/A,
00:13,5.2 ,1,0,1,N/A,0,0-3 P,N/A,09:59,00:00,0.0 ,13.9 ,N/A,
00:13,5.2 ,1,0,1,N/A,0,0-3 P,N/A,09:59,00:00,0.0 ,13.9 ,N/A,
00:13,5.2 ,1,0,1,N/A,0,0-3 P,N/A,09:59,00:00,0.0 ,13.9 ,N/A,
00:13,5.2 ,1,0,1,N/A,0,0-3 P,N/A,09:59,00:00,0.0 ,13.9 ,N/A,
00:13,5.5 ,1,0,1,N/A,0,0-3 P,N/A,09:59,00:00,0.0 ,13.9 ,N/A,
00:14,5.5 ,1,0,1,N/A,0,0-3 P,N/A,09:59,00:00,0.0 ,13.9 ,N/A,
00:14,5.5 ,1,0,1,N/A,0,0-3 P,N/A,09:59,00:00,0.0 ,13.9 ,N/A,
00:14,5.5 ,1,0,1,N/A,0,0-3 P,N/A,09:59,00:00,0.0 ,13.9 ,N/A,
00:14,5.5 ,1,0,1,N/A,0,0-3 P,N/A,09:59,00:00,0.0 ,13.9 ,N/A,
00:14,5.2 ,1,0,1,N/A,0,3-4.5 P,N/A,09:59,00:00,0.0 ,13.9 ,N/A,
00:14,5.2 ,1,0,1,N/A,0,3-4.5 P,N/A,09:59,00:00,0.0 ,13.9 ,N/A,
00:14,5.2 ,1,0,1,N/A,0,0-3 P,N/A,09:59,00:00,0.0 ,13.9 ,N/A,
00:14,5.2 ,1,0,1,N/A,0,0-3 P,N/A,09:59,00:00,0.0 ,13.9 ,N/A,
00:14,5.2 ,1,0,1,N/A,0,0-3 P,N/A,09:59,00:00,0.0 ,13.9 ,N/A,
00:14,5.5 ,1,0,1,N/A,0,0-3 P,N/A,09:59,00:00,0.0 ,13.9 ,N/A,
00:14,5.5 ,1,0,1,N/A,0,0-3 P,N/A,09:59,00:00,0.0 ,13.9 ,N/A,
00:14,5.5 ,1,0,1,N/A,0,0-3 P,N/A,09:59,00:00,0.0 ,13.9 ,N/A,
00:14,5.5 ,1,0,1,N/A,0,0-3 P,N/A,09:59,00:00,0.0 ,13.9 ,N/A,
00:14,5.5 ,1,0,1,N/A,0,0-3 P,N/A,09:59,00:00,0.0 ,13.9 ,N/A,
00:14,5.5 ,1,0,1,N/A,0,0-3 P,N/A,09:59,00:00,0.0 ,13.9 ,N/A,
00:14,5.5 ,1,0,1,N/A,0,0-3 P,N/A,09:59,00:00,0.0 ,13.9 ,N/A,
00:14,5.5 ,1,0,1,N/A,0,0-3 P,N/A,09:59,00:00,0.0 ,13.9 ,N/A,
00:14,5.8 ,1,0,1,N/A,0,0-3 P,N/A,09:59,00:00,0.0 ,13.9 ,N/A,
00:14,5.8 ,1,0,1,N/A,0,0-3 P,N/A,09:59,00:00,0.0 ,13.9 ,N/A,
00:14,5.5 ,1,0,1,N/A,0,0-3 P,N/A,09:59,00:00,0.0 ,13.9 ,N/A,
00:14,5.5 ,1,0,1,N/A,0,3-4.5 P,N/A,09:59,00:00,0.0 ,13.9 ,N/A,
00:14,5.2 ,1,0,1,N/A,0,6-7.5 P,N/A,09:59,00:00,0.0 ,13.9 ,N/A,
00:14,5.2 ,1,0,1,N/A,0,3-4.5 P,N/A,09:59,00:00,0.0 ,13.9 ,N/A,
00:14,5.5 ,1,0,1,N/A,0,0-3 P,N/A,09:59,00:00,0.0 ,13.9 ,N/A,
00:14,5.5 ,1,0,1,N/A,0,0-3 P,N/A,09:59,00:00,0.0 ,13.9 ,N/A,
00:14,5.2 ,1,0,1,N/A,0,3-4.5 P,N/A,09:59,00:00,0.0 ,13.9 ,N/A,
00:14,5.2 ,1,0,1,N/A,0,3-4.5 P,N/A,09:59,00:00,0.0 ,13.9 ,N/A,
00:14,4.9 ,1,0,1,N/A,0,3-4.5 P,N/A,09:59,00:00,0.0 ,13.9 ,N/A,
00:14,4.9 ,1,0,1,N/A,0,6-7.5 P,N/A,09:59,00:00,0.0 ,13.9 ,N/A,
00:14,5.2 ,1,0,1,N/A,0,0-3 P,N/A,09:59,00:00,0.0 ,13.9 ,N/A,
00:15,5.2 ,1,0,1,N/A,0,0-3 P,N/A,09:59,00:00,0.0 ,13.9 ,N/A,
00:15,5.2 ,1,0,1,N/A,0,0-3 P,N/A,09:59,00:00,0.0 ,13.9 ,N/A,
00:15,5.5 ,1,0,1,N/A,0,0-3 P,N/A,09:59,00:00,0.0 ,13.9 ,N/A,
00:15,5.5 ,1,0,1,N/A,0,0-3 P,N/A,09:59,00:00,0.0 ,13.9 ,N/A,
00:15,5.5 ,1,0,1,N/A,0,0-3 P,N/A,09:59,00:00,0.0 ,13.9 ,N/A,
00:15,5.5 ,1,0,1,N/A,0,0-3 P,N/A,09:59,00:00,0.0 ,13.9 ,N/A,
00:15,5.8 ,1,0,1,N/A,0,0-3 P,N/A,09:59,00:00,0.0 ,13.9 ,N/A,
00:15,5.5 ,1,0,1,N/A,0,3-4.5 P,N/A,09:59,00:00,0.0 ,13.9 ,N/A,
00:15,5.5 ,1,0,1,N/A,0,6-7.5 P,N/A,09:59,00:00,0.0 ,13.9 ,N/A,
00:15,5.2 ,1,0,1,N/A,0,3-4.5 P,N/A,09:59,00:00,0.0 ,13.9 ,N/A,
00:15,5.2 ,1,0,1,N/A,0,0-3 P,N/A,09:59,00:00,0.0 ,13.9 ,N/A,
00:15,5.2 ,1,0,1,N/A,0,0-3 P,N/A,09:59,00:00,0.0 ,13.9 ,N/A,
00:15,5.5 ,1,0,1,N/A,0,0-3 P,N/A,09:59,00:00,0.0 ,13.9 ,N/A,
00:15,5.2 ,1,0,1,N/A,0,0-3 P,N/A,09:59,00:00,0.0 ,13.9 ,N/A,
00:15,5.2 ,1,0,1,N/A,0,0-3 P,N/A,09:59,00:00,0.0 ,13.9 ,N/A,
00:15,5.5 ,1,0,1,N/A,0,0-3 P,N/A,09:59,00:00,0.0 ,13.9 ,N/A,
00:15,5.5 ,1,0,1,N/A,0,0-3 P,N/A,09:59,00:00,0.0 ,13.9 ,N/A,
00:15,5.5 ,1,0,1,N/A,0,0-3 P,N/A,09:59,00:00,0.0 ,13.9 ,N/A,
00:15,5.5 ,1,0,1,N/A,0,0-3 P,N/A,09:59,00:00,0.0 ,13.9 ,N/A,
00:15,5.2 ,1,0,1,N/A,0,0-3 P,N/A,09:59,00:00,0.0 ,13.9 ,N/A,
00:15,5.2 ,1,0,1,N/A,0,3-4.5 P,N/A,09:59,00:00,0.0 ,13.9 ,N/A,
00:15,5.2 ,1,0,1,N/A,0,3-4.5 P,N/A,09:59,00:00,0.0 ,13.9 ,N/A,
00:15,4.9 ,1,0,1,N/A,0,6-7.5 P,N/A,09:59,00:00,0.0 ,13.9 ,N/A,
00:15,5.2 ,1,0,1,N/A,0,4.5-6 P,N/A,09:59,00:00,0.0 ,13.9 ,N/A,
00:15,5.2 ,1,0,1,N/A,0,0-3 P,N/A,09:59,00:00,0.0 ,13.9 ,N/A,
00:15,4.9 ,1,0,1,N/A,0,0-3 P,N/A,09:59,00:00,0.0 ,13.9 ,N/A,
00:15,4.6 ,1,0,1,N/A,0,3-4.5 P,N/A,09:59,00:00,0.0 ,13.9 ,N/A,
00:15,4.3 ,1,0,1,N/A,0,7.5-9 P,N/A,09:59,00:00,0.0 ,13.9 ,N/A,
00:15,4.0 ,1,0,1,N/A,0,>9 P,N/A,09:59,00:00,0.0 ,13.9 ,N/A,Too Fast
00:15,4.0 ,1,0,1,N/A,0,6-7.5 P,N/A,09:59,00:00,0.0 ,13.9 ,N/A,
00:16,4.3 ,1,0,1,N/A,0,0-3 P,N/A,09:59,00:00,0.0 ,13.9 ,N/A,
00:16,4.6 ,1,0,1,N/A,0,0-3 P,N/A,09:59,00:00,0.0 ,13.9 ,N/A,
00:16,4.6 ,1,0,1,N/A,0,0-3 P,N/A,09:59,00:00,0.0 ,13.9 ,N/A,
00:16,4.9 ,1,0,1,N/A,0,0-3 P,N/A,09:59,00:00,0.0 ,13.9 ,N/A,
00:16,4.9 ,1,0,1,N/A,0,0-3 P,N/A,09:59,00:00,0.0 ,13.9 ,N/A,
00:16,4.6 ,1,0,1,N/A,0,0-3 P,N/A,09:59,00:00,0.0 ,13.9 ,N/A,
00:16,4.6 ,1,0,1,N/A,0,3-4.5 P,N/A,09:59,00:00,0.0 ,13.9 ,N/A,
00:16,4.6 ,1,0,1,N/A,0,0-3 P,N/A,09:59,00:00,0.0 ,13.9 ,N/A,
00:16,4.3 ,1,0,1,N/A,0,3-4.5 P,N/A,09:59,00:00,0.0 ,13.9 ,N/A,
00:16,4.0 ,1,0,1,N/A,0,>9 P,N/A,09:59,00:00,0.0 ,13.9 ,N/A,Too Fast
00:16,4.3 ,1,0,1,N/A,0,6-7.5 P,N/A,09:59,00:00,0.0 ,13.9 ,N/A,
00:16,4.3 ,1,0,1,N/A,0,0-3 P,N/A,09:59,00:00,0.0 ,13.9 ,N/A,
00:16,4.3 ,1,0,1,N/A,0,0-3 P,N/A,09:59,00:00,0.0 ,13.9 ,N/A,
00:16,4.3 ,1,0,1,N/A,0,0-3 P,N/A,09:59,00:00,0.0 ,13.9 ,N/A,
00:16,4.3 ,1,0,1,N/A,0,0-3 P,N/A,09:59,00:00,0.0 ,13.9 ,N/A,
00:16,4.3 ,1,0,1,N/A,0,0-3 P,N/A,09:59,00:00,0.0 ,13.9 ,N/A,
00:16,4.3 ,1,0,1,N/A,0,0-3 P,N/A,09:59,00:00,0.0 ,13.9 ,N/A,
00:16,4.3 ,1,0,1,N/A,0,0-3 P,N/A,09:59,00:00,0.0 ,13.9 ,N/A,
00:16,4.0 ,1,0,1,N/A,0,0-3 P,N/A,09:59,00:00,0.0 ,13.9 ,N/A,
00:16,3.7 ,1,0,1,N/A,0,7.5-9 P,N/A,09:59,00:00,0.0 ,13.9 ,N/A,
00:16,3.7 ,1,0,1,N/A,0,>9 P,N/A,09:59,00:00,0.0 ,13.9 ,N/A,Too Fast
00:16,3.7 ,1,0,1,N/A,0,3-4.5 P,N/A,09:59,00:00,0.0 ,13.9 ,N/A,
00:16,3.7 ,1,0,1,N/A,0,0-3 P,N/A,09:59,00:00,0.0 ,13.9 ,N/A,
00:16,3.7 ,1,0,1,N/A,0,0-3 P,N/A,09:59,00:00,0.0 ,13.9 ,N/A,
00:16,3.7 ,1,0,1,N/A,0,0-3 P,N/A,09:59,00:00,0.0 ,13.9 ,N/A,
00:16,3.7 ,1,0,1,N/A,0,0-3 P,N/A,09:59,00:00,0.0 ,13.9 ,N/A,
00:16,3.7 ,1,0,1,N/A,0,3-4.5 P,N/A,09:59,00:00,0.0 ,13.9 ,N/A,
00:16,3.7 ,1,0,1,N/A,0,3-4.5 P,N/A,09:59,00:00,0.0 ,13.9 ,N/A,
00:16,3.7 ,1,0,1,N/A,0,0-3 P,N/A,09:59,00:00,0.0 ,13.9 ,N/A,
00:16,3.7 ,1,0,1,N/A,0,0-3 P,N/A,09:59,00:00,0.0 ,13.9 ,N/A,
00:17,3.7 ,1,0,1,N/A,0,0-3 P,N/A,09:59,00:00,0.0 ,13.9 ,N/A,
00:17,4.0 ,1,0,1,N/A,0,0-3 P,N/A,09:59,00:00,0.0 ,13.9 ,N/A,
00:17,3.7 ,1,0,1,N/A,0,3-4.5 P,N/A,09:59,00:00,0.0 ,13.9 ,N/A,
00:17,4.0 ,1,0,1,N/A,0,3-4.5 P,N/A,09:59,00:00,0.0 ,13.9 ,N/A,
00:17,4.3 ,1,0,1,N/A,0,0-3 P,N/A,09:59,00:00,0.0 ,13.9 ,N/A,
00:17,4.6 ,1,0,1,N/A,0,0-3 P,N/A,09:59,00:00,0.0 ,13.9 ,N/A,
00:17,4.9 ,1,0,1,N/A,0,0-3 P,N/A,09:59,00:00,0.0 ,13.9 ,N/A,
00:17,4.9 ,1,0,1,N/A,0,0-3 P,N/A,09:59,00:00,0.0 ,13.9 ,N/A,
00:17,4.9 ,1,0,1,N/A,0,0-3 P,N/A,09:59,00:00,0.0 ,13.9 ,N/A,
00:17,5.2 ,1,0,1,N/A,0,0-3 P,N/A,09:59,00:00,0.0 ,13.9 ,N/A,
00:17,4.9 ,1,0,1,N/A,0,0-3 P,N/A,09:59,00:00,0.0 ,13.9 ,N/A,
00:17,5.2 ,1,0,1,N/A,0,0-3 P,N/A,09:59,00:00,0.0 ,13.9 ,N/A,
00:17,5.2 ,1,0,1,N/A,0,0-3 P,N/A,09:59,00:00,0.0 ,13.9 ,N/A,
00:17,5.5 ,1,0,1,N/A,0,0-3 P,N/A,09:59,00:00,0.0 ,13.9 ,N/A,
00:17,5.2 ,1,0,1,N/A,0,0-3 P,N/A,09:59,00:00,0.0 ,13.9 ,N/A,
00:17,5.2 ,1,0,1,N/A,0,0-3 P,N/A,09:59,00:00,0.0 ,13.9 ,N/A,
00:17,5.2 ,1,0,1,N/A,0,0-3 P,N/A,09:59,00:00,0.0 ,13.9 ,N/A,
00:17,5.2 ,1,0,1,N/A,0,0-3 P,N/A,09:59,00:00,0.0 ,13.9 ,N/A,
00:17,5.2 ,1,0,1,N/A,0,0-3 P,N/A,09:59,00:00,0.0 ,13.9 ,N/A,
00:17,5.2 ,1,0,1,N/A,0,0-3 P,N/A,09:59,00:00,0.0 ,13.9 ,N/A,
00:17,5.2 ,1,0,1,N/A,0,0-3 P,N/A,09:59,00:00,0.0 ,13.9 ,N/A,
00:17,5.2 ,1,0,1,N/A,0,3-4.5 P,N/A,09:59,00:00,0.0 ,13.9 ,N/A,
00:17,4.9 ,1,0,1,N/A,0,3-4.5 P,N/A,09:59,00:00,0.0 ,13.9 ,N/A,
00:17,4.9 ,1,0,1,N/A,0,0-3 P,N/A,09:59,00:00,0.0 ,13.9 ,N/A,
00:17,4.9 ,1,0,1,N/A,0,0-3 P,N/A,09:59,00:00,0.0 ,13.9 ,N/A,
00:17,4.9 ,1,0,1,N/A,0,0-3 P,N/A,09:59,00:00,0.0 ,13.9 ,N/A,
00:17,4.9 ,1,0,1,N/A,0,0-3 P,N/A,09:59,00:00,0.0 ,13.9 ,N/A,
00:17,4.6 ,1,0,1,N/A,0,4.5-6 P,N/A,09:59,00:00,0.0 ,13.9 ,N/A,
00:17,4.3 ,1,0,1,N/A,0,6-7.5 P,N/A,09:59,00:00,0.0 ,13.9 ,N/A,
00:17,4.6 ,1,0,1,N/A,0,3-4.5 P,N/A,09:59,00:00,0.0 ,13.9 ,N/A,
00:18,4.6 ,1,0,1,N/A,0,0-3 P,N/A,09:59,00:00,0.0 ,13.9 ,N/A,
00:18,4.6 ,1,0,1,N/A,0,0-3 P,N/A,09:59,00:00,0.0 ,13.9 ,N/A,
00:18,4.6 ,1,0,1,N/A,0,0-3 P,N/A,09:59,00:00,0.0 ,13.9 ,N/A,
00:18,4.6 ,1,0,1,N/A,0,0-3 P,N/A,09:59,00:00,0.0 ,13.9 ,N/A,
00:18,4.3 ,1,0,1,N/A,0,0-3 P,N/A,09:59,00:00,0.0 ,13.9 ,N/A,
00:18,4.3 ,1,0,1,N/A,0,4.5-6 P,N/A,09:59,00:00,0.0 ,13.9 ,N/A,
00:18,4.3 ,1,0,1,N/A,0,4.5-6 P,N/A,09:59,00:00,0.0 ,13.9 ,N/A,
00:18,4.0 ,1,0,1,N/A,0,0-3 P,N/A,09:59,00:00,0.0 ,13.9 ,N/A,
00:18,4.3 ,1,0,1,N/A,0,0-3 P,N/A,09:59,00:00,0.0 ,13.9 ,N/A,
00:18,4.3 ,1,0,1,N/A,0,0-3 P,N/A,09:59,00:00,0.0 ,13.9 ,N/A,
00:18,4.0 ,1,0,1,N/A,0,3-4.5 P,N/A,09:59,00:00,0.0 ,13.9 ,N/A,
00:18,4.0 ,1,0,1,N/A,0,4.5-6 P,N/A,09:59,00:00,0.0 ,14.4 ,N/A,
00:18,4.3 ,1,0,1,N/A,0,0-3 P,N/A,09:59,00:00,0.0 ,13.9 ,N/A,
00:18,4.3 ,1,0,1,N/A,0,0-3 P,N/A,09:59,00:00,0.0 ,13.9 ,N/A,
00:18,4.3 ,1,0,1,N/A,0,0-3 P,N/A,09:59,00:00,0.0 ,13.9 ,N/A,
00:18,4.3 ,1,0,1,N/A,0,0-3 P,N/A,09:59,00:00,0.0 ,13.9 ,N/A,
00:18,4.3 ,1,0,1,N/A,0,0-3 P,N/A,09:59,00:00,0.0 ,13.9 ,N/A,
00:18,4.3 ,1,0,1,N/A,0,0-3 P,N/A,09:59,00:00,0.0 ,13.9 ,N/A,
00:18,4.3 ,1,0,1,N/A,0,0-3 P,N/A,09:59,00:00,0.0 ,14.4 ,N/A,
00:18,4.0 ,1,0,1,N/A,0,0-3 P,N/A,09:59,00:00,0.0 ,14.4 ,N/A,
00:18,4.3 ,1,0,1,N/A,0,3-4.5 P,N/A,09:59,00:00,0.0 ,14.4 ,N/A,
00:18,4.3 ,1,0,1,N/A,0,0-3 P,N/A,09:59,00:00,0.0 ,14.4 ,N/A,
00:18,4.3 ,1,0,1,N/A,0,0-3 P,N/A,09:59,00:00,0.0 ,14.4 ,N/A,
00:18,4.3 ,1,0,1,N/A,0,0-3 P,N/A,09:59,00:00,0.0 ,13.9 ,N/A,
00:18,4.3 ,1,0,1,N/A,0,0-3 P,N/A,09:59,00:00,0.0 ,13.9 ,N/A,
00:18,4.3 ,1,0,1,N/A,0,0-3 P,N/A,09:59,00:00,0.0 ,14.4 ,N/A,
00:18,4.3 ,1,0,1,N/A,0,0-3 P,N/A,09:59,00:00,0.0 ,14.4 ,N/A,
00:18,4.0 ,1,0,1,N/A,0,4.5-6 P,N/A,09:59,00:00,0.0 ,13.9 ,N/A,
00:18,4.0 ,1,0,1,N/A,0,4.5-6 P,N/A,09:59,00:00,0.0 ,14.4 ,N/A,
00:18,4.0 ,1,0,1,N/A,0,3-4.5 P,N/A,09:59,00:00,0.0 ,14.4 ,N/A,
00:19,4.0 ,1,0,1,N/A,0,0-3 P,N/A,09:59,00:00,0.0 ,13.9 ,N/A,
00:19,4.0 ,1,0,1,N/A,0,0-3 P,N/A,09:59,00:00,0.0 ,14.4 ,N/A,
00:19,4.0 ,1,0,1,N/A,0,0-3 P,N/A,09:59,00:00,0.0 ,14.4 ,N/A,
00:19,4.0 ,1,0,1,N/A,0,0-3 P,N/A,09:59,00:00,0.0 ,14.4 ,N/A,
00:19,4.0 ,1,0,1,N/A,0,0-3 P,N/A,09:59,00:00,0.0 ,14.4 ,N/A,
00:19,4.0 ,1,0,1,N/A,0,0-3 P,N/A,09:59,00:00,0.0 ,14.4 ,N/A,
00:19,4.0 ,1,0,1,N/A,0,0-3 P,N/A,09:59,00:00,0.0 ,14.4 ,N/A,
00:19,4.0 ,1,0,1,N/A,0,0-3 P,N/A,09:59,00:00,0.0 ,14.4 ,N/A,
00:19,4.0 ,1,0,1,N/A,0,0-3 P,N/A,09:59,00:00,0.0 ,14.4 ,N/A,
00:19,4.0 ,1,0,1,N/A,0,0-3 P,N/A,09:59,00:00,0.0 ,13.9 ,N/A,
00:19,4.0 ,1,0,1,N/A,0,0-3 P,N/A,09:59,00:00,0.0 ,14.4 ,N/A,
00:19,4.0 ,1,0,1,N/A,0,0-3 P,N/A,09:59,00:00,0.0 ,14.4 ,N/A,
00:19,4.0 ,1,0,1,N/A,0,0-3 P,N/A,09:59,00:00,0.0 ,14.4 ,N/A,
00:19,4.0 ,1,0,1,N/A,0,0-3 P,N/A,09:59,00:00,0.0 ,14.4 ,N/A,
00:19,4.0 ,1,0,1,N/A,0,0-3 P,N/A,09:59,00:00,0.0 ,14.4 ,N/A,
00:19,4.0 ,1,0,1,N/A,0,0-3 P,N/A,09:59,00:00,0.0 ,14.4 ,N/A,
00:19,4.3 ,1,0,1,N/A,0,0-3 P,N/A,09:59,00:00,0.0 ,14.4 ,N/A,
00:19,4.0 ,1,0,1,N/A,0,0-3 P,N/A,09:59,00:00,0.0 ,14.4 ,N/A,
00:19,4.3 ,1,0,1,N/A,0,0-3 P,N/A,09:59,00:00,0.0 ,14.4 ,N/A,
00:19,4.3 ,1,0,1,N/A,0,0-3 P,N/A,09:59,00:00,0.0 ,14.4 ,N/A,
00:19,4.0 ,1,0,1,N/A,0,0-3 P,N/A,09:59,00:00,0.0 ,14.4 ,N/A,
00:19,4.0 ,1,0,1,N/A,0,4.5-6 P,N/A,09:59,00:00,0.0 ,14.4 ,N/A,
00:19,4.3 ,1,0,1,N/A,0,3-4.5 P,N/A,09:59,00:00,0.0 ,14.4 ,N/A,
00:19,4.3 ,1,0,1,N/A,0,0-3 P,N/A,09:59,00:00,0.0 ,14.4 ,N/A,
00:19,4.0 ,1,0,1,N/A,0,0-3 P,N/A,09:59,00:00,0.0 ,14.4 ,N/A,
00:19,4.0 ,1,0,1,N/A,0,3-4.5 P,N/A,09:59,00:00,0.0 ,14.4 ,N/A,
00:19,4.0 ,1,0,1,N/A,0,3-4.5 P,N/A,09:59,00:00,0.0 ,14.4 ,N/A,
00:19,4.3 ,1,0,1,N/A,0,0-3 P,N/A,09:59,00:00,0.0 ,14.4 ,N/A,
00:19,4.3 ,1,0,1,N/A,0,0-3 P,N/A,09:59,00:00,0.0 ,14.4 ,N/A,
00:19,4.0 ,1,0,1,N/A,0,0-3 P,N/A,09:59,00:00,0.0 ,14.4 ,N/A,
00:20,4.0 ,1,0,1,N/A,0,0-3 P,N/A,09:59,00:00,0.0 ,14.4 ,N/A,
00:20,4.3 ,1,0,1,N/A,0,0-3 P,N/A,09:59,00:00,0.0 ,14.4 ,N/A,
00:20,4.3 ,1,0,1,N/A,0,0-3 P,N/A,09:59,00:00,0.0 ,14.4 ,N/A,
00:20,4.3 ,1,0,1,N/A,0,0-3 P,N/A,09:59,00:00,0.0 ,14.4 ,N/A,
00:20,4.3 ,1,0,1,N/A,0,0-3 P,N/A,09:59,00:00,0.0 ,14.4 ,N/A,
00:20,4.0 ,1,0,1,N/A,0,0-3 P,N/A,09:59,00:00,0.0 ,14.4 ,N/A,
00:20,4.0 ,1,0,1,N/A,0,3-4.5 P,N/A,09:59,00:00,0.0 ,14.4 ,N/A,
00:20,4.0 ,1,0,1,N/A,0,3-4.5 P,N/A,09:59,00:00,0.0 ,14.4 ,N/A,
00:20,4.0 ,1,0,1,N/A,0,0-3 P,N/A,09:59,00:00,0.0 ,14.4 ,N/A,
00:20,4.0 ,1,0,1,N/A,0,0-3 P,N/A,09:59,00:00,0.0 ,14.4 ,N/A,
00:20,4.0 ,1,0,1,N/A,0,0-3 P,N/A,09:59,00:00,0.0 ,14.4 ,N/A,
00:20,4.3 ,1,0,1,N/A,0,0-3 P,N/A,09:59,00:00,0.0 ,14.4 ,N/A,
00:20,4.3 ,1,0,1,N/A,0,0-3 P,N/A,09:59,00:00,0.0 ,14.4 ,N/A,
00:20,4.3 ,1,0,1,N/A,0,0-3 P,N/A,09:59,00:00,0.0 ,14.4 ,N/A,
00:20,4.3 ,1,0,1,N/A,0,0-3 P,N/A,09:59,00:00,0.0 ,14.4 ,N/A,
00:20,4.3 ,1,0,1,N/A,0,0-3 P,N/A,09:59,00:00,0.0 ,14.4 ,N/A,
00:20,4.6 ,1,0,1,N/A,0,0-3 P,N/A,09:59,00:00,0.0 ,14.4 ,N/A,
00:20,4.6 ,1,0,1,N/A,0,0-3 P,N/A,09:59,00:00,0.0 ,14.4 ,N/A,
00:20,4.9 ,1,0,1,N/A,0,0-3 P,N/A,09:59,00:00,0.0 ,14.4 ,N/A,
00:20,4.9 ,1,0,1,N/A,0,0-3 P,N/A,09:59,00:00,0.0 ,14.4 ,N/A,
00:20,4.6 ,1,0,1,N/A,0,3-4.5 P,N/A,09:59,00:00,0.0 ,14.4 ,N/A,
00:20,4.9 ,1,0,1,N/A,0,3-4.5 P,N/A,09:59,00:00,0.0 ,14.4 ,N/A,
00:20,4.9 ,1,0,1,N/A,0,0-3 P,N/A,09:59,00:00,0.0 ,14.4 ,N/A,
00:20,4.9 ,1,0,1,N/A,0,0-3 P,N/A,09:59,00:00,0.0 ,14.4 ,N/A,
00:20,5.2 ,1,0,1,N/A,0,0-3 P,N/A,09:59,00:00,0.0 ,14.4 ,N/A,
00:20,5.2 ,1,0,1,N/A,0,0-3 P,N/A,09:59,00:00,0.0 ,14.4 ,N/A,
00:20,5.5 ,1,0,1,N/A,0,0-3 P,N/A,09:59,00:00,0.0 ,14.4 ,N/A,
00:20,5.5 ,1,0,1,N/A,0,0-3 P,N/A,09:59,00:00,0.0 ,14.4 ,N/A,
00:20,5.5 ,1,0,1,N/A,0,0-3 P,N/A,09:59,00:00,0.0 ,14.4 ,N/A,
00:20,5.2 ,1,0,1,N/A,0,0-3 P,N/A,09:59,00:00,0.0 ,14.4 ,N/A,
00:21,5.5 ,1,0,1,N/A,0,0-3 P,N/A,09:59,00:00,0.0 ,14.4 ,N/A,
00:21,5.5 ,1,0,1,N/A,0,0-3 P,N/A,09:59,00:00,0.0 ,14.4 ,N/A,
00:21,5.5 ,1,0,1,N/A,0,0-3 P,N/A,09:59,00:00,0.0 ,14.4 ,N/A,
00:21,5.5 ,1,0,1,N/A,0,0-3 P,N/A,09:59,00:00,0.0 ,14.4 ,N/A,
00:21,5.5 ,1,0,1,N/A,0,0-3 P,N/A,09:59,00:00,0.0 ,14.4 ,N/A,
00:21,5.5 ,1,0,1,N/A,0,0-3 P,N/A,09:59,00:00,0.0 ,14.4 ,N/A,
00:21,5.5 ,1,0,1,N/A,0,0-3 P,N/A,09:59,00:00,0.0 ,14.4 ,N/A,
00:21,5.5 ,1,0,1,N/A,0,0-3 P,N/A,09:59,00:00,0.0 ,14.4 ,N/A,
00:21,5.5 ,1,0,1,N/A,0,0-3 P,N/A,09:59,00:00,0.0 ,14.4 ,N/A,
00:21,5.5 ,1,0,1,N/A,0,0-3 P,N/A,09:59,00:00,0.0 ,14.4 ,N/A,
00:21,5.2 ,1,0,1,N/A,0,3-4.5 P,N/A,09:59,00:00,0.0 ,14.4 ,N/A,
00:21,5.5 ,1,0,1,N/A,0,3-4.5 P,N/A,09:59,00:00,0.0 ,14.4 ,N/A,
00:21,5.2 ,1,0,1,N/A,0,0-3 P,N/A,09:59,00:00,0.0 ,14.4 ,N/A,
00:21,5.2 ,1,0,1,N/A,0,3-4.5 P,N/A,09:59,00:00,0.0 ,14.4 ,N/A,
00:21,4.9 ,1,0,1,N/A,0,4.5-6 P,N/A,09:59,00:00,0.0 ,14.4 ,N/A,
00:21,5.2 ,1,0,1,N/A,0,0-3 P,N/A,09:59,00:00,0.0 ,14.4 ,N/A,
00:21,5.2 ,1,0,1,N/A,0,0-3 P,N/A,09:59,00:00,0.0 ,14.4 ,N/A,
00:21,5.2 ,1,0,1,N/A,0,0-3 P,N/A,09:59,00:00,0.0 ,14.4 ,N/A,
00:21,5.2 ,1,0,1,N/A,0,0-3 P,N/A,09:59,00:00,0.0 ,14.4 ,N/A,
00:21,5.2 ,1,0,1,N/A,0,0-3 P,N/A,09:59,00:00,0.0 ,14.4 ,N/A,
00:21,5.2 ,1,0,1,N/A,0,0-3 P,N/A,09:59,00:00,0.0 ,14.4 ,N/A,
00:21,5.2 ,1,0,1,N/A,0,0-3 P,N/A,09:59,00:00,0.0 ,14.4 ,N/A,
00:21,5.2 ,1,0,1,N/A,0,0-3 P,N/A,09:59,00:00,0.0 ,14.4 ,N/A,
00:21,4.9 ,1,0,1,N/A,0,0-3 P,N/A,09:59,00:00,0.0 ,14.4 ,N/A,
00:21,5.2 ,1,0,1,N/A,0,0-3 P,N/A,09:59,00:00,0.0 ,14.4 ,N/A,
00:21,5.2 ,1,0,1,N/A,0,0-3 P,N/A,09:59,00:00,0.0 ,14.4 ,N/A,
00:21,5.2 ,1,0,1,N/A,0,0-3 P,N/A,09:59,00:00,0.0 ,14.4 ,N/A,
00:21,5.2 ,1,0,1,N/A,0,0-3 P,N/A,09:59,00:00,0.0 ,14.4 ,N/A,
00:21,5.2 ,1,0,1,N/A,0,0-3 P,N/A,09:59,00:00,0.0 ,14.4 ,N/A,
00:21,5.2 ,1,0,1,N/A,0,0-3 P,N/A,09:59,00:00,0.0 ,14.4 ,N/A,
00:22,5.2 ,1,0,1,N/A,0,0-3 P,N/A,09:59,00:00,0.0 ,14.4 ,N/A,
00:22,4.9 ,1,0,1,N/A,0,0-3 P,N/A,09:59,00:00,0.0 ,14.4 ,N/A,
00:22,5.2 ,1,0,1,N/A,0,0-3 P,N/A,09:59,00:00,0.0 ,14.4 ,N/A,
00:22,5.2 ,1,0,1,N/A,0,0-3 P,N/A,09:59,00:00,0.0 ,14.4 ,N/A,
00:22,5.2 ,1,0,1,N/A,0,0-3 P,N/A,09:59,00:00,0.0 ,14.4 ,N/A,
00:22,5.2 ,1,0,1,N/A,0,0-3 P,N/A,09:59,00:00,0.0 ,14.4 ,N/A,
00:22,5.2 ,1,0,1,N/A,0,0-3 P,N/A,09:59,00:00,0.0 ,14.4 ,N/A,
00:22,5.5 ,1,0,1,N/A,0,0-3 P,N/A,09:59,00:00,0.0 ,14.4 ,N/A,
00:22,5.2 ,1,0,1,N/A,0,0-3 P,N/A,09:59,00:00,0.0 ,14.4 ,N/A,
00:22,5.5 ,1,0,1,N/A,0,0-3 P,N/A,09:59,00:00,0.0 ,14.4 ,N/A,
00:22,5.5 ,1,0,1,N/A,0,0-3 P,N/A,09:59,00:00,0.0 ,14.4 ,N/A,
00:22,5.5 ,1,0,1,N/A,0,0-3 P,N/A,09:59,00:00,0.0 ,14.4 ,N/A,
00:22,5.5 ,1,0,1,N/A,0,0-3 P,N/A,09:59,00:00,0.0 ,14.4 ,N/A,
00:22,5.5 ,1,0,1,N/A,0,0-3 P,N/A,09:59,00:00,0.0 ,14.4 ,N/A,
00:22,5.8 ,1,0,1,N/A,0,0-3 P,N/A,09:59,00:00,0.0 ,14.4 ,N/A,
00:22,5.5 ,1,0,1,N/A,0,0-3 P,N/A,09:59,00:00,0.0 ,14.4 ,N/A,
00:22,5.5 ,1,0,1,N/A,0,0-3 P,N/A,09:59,00:00,0.0 ,14.4 ,N/A,
00:22,5.5 ,1,0,1,N/A,0,3-4.5 P,N/A,09:59,00:00,0.0 ,14.4 ,N/A,
00:22,5.2 ,1,0,1,N/A,0,0-3 P,N/A,09:59,00:00,0.0 ,14.4 ,N/A,
00:22,5.2 ,1,0,1,N/A,0,0-3 P,N/A,09:59,00:00,0.0 ,14.4 ,N/A,
00:22,5.2 ,1,0,1,N/A,0,0-3 P,N/A,09:59,00:00,0.0 ,14.4 ,N/A,
00:22,5.2 ,1,0,1,N/A,0,0-3 P,N/A,09:59,00:00,0.0 ,14.4 ,N/A,
00:22,5.5 ,1,0,1,N/A,0,0-3 P,N/A,09:59,00:00,0.0 ,14.4 ,N/A,
00:22,5.5 ,1,0,1,N/A,0,0-3 P,N/A,09:59,00:00,0.0 ,14.4 ,N/A,
00:22,5.5 ,1,0,1,N/A,0,0-3 P,N/A,09:59,00:00,0.0 ,14.4 ,N/A,
00:22,5.5 ,1,0,1,N/A,0,0-3 P,N/A,09:59,00:00,0.0 ,14.4 ,N/A,
00:22,5.5 ,1,0,1,N/A,0,3-4.5 P,N/A,09:59,00:00,0.0 ,14.4 ,N/A,
00:22,5.8 ,1,0,1,N/A,0,0-3 P,N/A,09:59,00:00,0.0 ,14.4 ,N/A,
00:22,5.5 ,1,0,1,N/A,0,0-3 P,N/A,09:59,00:00,0.0 ,14.4 ,N/A,
00:22,5.5 ,1,0,1,N/A,0,6-7.5 P,N/A,09:59,00:00,0.0 ,14.4 ,N/A,
00:23,5.5 ,1,0,1,N/A,0,4.5-6 P,N/A,09:59,00:00,0.0 ,14.4 ,N/A,
00:23,5.5 ,1,0,1,N/A,0,0-3 P,N/A,09:59,00:00,0.0 ,14.4 ,N/A,
00:23,5.2 ,1,0,1,N/A,0,3-4.5 P,N/A,09:59,00:00,0.0 ,14.4 ,N/A,
00:23,5.2 ,1,0,1,N/A,0,4.5-6 P,N/A,09:59,00:00,0.0 ,14.4 ,N/A,
00:23,5.8 ,1,0,1,N/A,0,0-3 P,N/A,09:59,00:00,0.0 ,14.4 ,N/A,
00:23,5.8 ,1,0,1,N/A,0,0-3 P,N/A,09:59,00:00,0.0 ,14.4 ,N/A,
00:23,5.5 ,1,0,1,N/A,0,0-3 P,N/A,09:59,00:00,0.0 ,14.4 ,N/A,
00:23,5.5 ,1,0,1,N/A,0,3-4.5 P,N/A,09:59,00:00,0.0 ,14.4 ,N/A,
00:23,5.8 ,1,0,1,N/A,0,0-3 P,N/A,09:59,00:00,0.0 ,14.4 ,N/A,
00:23,5.8 ,1,0,1,N/A,0,0-3 P,N/A,09:59,00:00,0.0 ,14.4 ,N/A,
00:23,5.8 ,1,0,1,N/A,0,0-3 P,N/A,09:59,00:00,0.0 ,14.4 ,N/A,
00:23,5.8 ,1,0,1,N/A,0,0-3 P,N/A,09:59,00:00,0.0 ,13.9 ,N/A,
00:23,6.1 ,1,0,1,N/A,0,0-3 P,N/A,09:59,00:00,0.0 ,14.4 ,N/A,
00:23,5.8 ,1,0,1,N/A,0,0-3 P,N/A,09:59,00:00,0.0 ,14.4 ,N/A,
00:23,5.8 ,1,0,1,N/A,0,0-3 P,N/A,09:59,00:00,0.0 ,14.4 ,N/A,
00:23,5.8 ,1,0,1,N/A,0,3-4.5 P,N/A,09:59,00:00,0.0 ,14.4 ,N/A,
00:23,5.8 ,1,0,1,N/A,0,3-4.5 P,N/A,09:59,00:00,0.0 ,14.4 ,N/A,
00:23,5.8 ,1,0,1,N/A,0,0-3 P,N/A,09:59,00:00,0.0 ,14.4 ,N/A,
00:23,5.5 ,1,0,1,N/A,0,0-3 P,N/A,09:59,00:00,0.0 ,14.4 ,N/A,
00:23,5.5 ,1,0,1,N/A,0,3-4.5 P,N/A,09:59,00:00,0.0 ,14.4 ,N/A,
00:23,5.2 ,1,0,1,N/A,0,4.5-6 P,N/A,09:59,00:00,0.0 ,14.4 ,N/A,
00:23,5.2 ,1,0,1,N/A,0,4.5-6 P,N/A,09:59,00:00,0.0 ,14.4 ,N/A,
00:23,5.2 ,1,0,1,N/A,0,3-4.5 P,N/A,09:59,00:00,0.0 ,14.4 ,N/A,
00:23,4.9 ,1,0,1,N/A,0,0-3 P,N/A,09:59,00:00,0.0 ,13.9 ,N/A,
00:23,5.2 ,1,0,1,N/A,0,0-3 P,N/A,09:59,00:00,0.0 ,13.9 ,N/A,
00:23,5.2 ,1,0,1,N/A,0,0-3 P,N/A,09:59,00:00,0.0 ,14.4 ,N/A,
00:23,5.2 ,1,0,1,N/A,0,0-3 P,N/A,09:59,00:00,0.0 ,13.9 ,N/A,
00:23,5.5 ,1,0,1,N/A,0,0-3 P,N/A,09:59,00:00,0.0 ,14.4 ,N/A,
00:23,5.2 ,1,0,1,N/A,0,0-3 P,N/A,09:59,00:00,0.0 ,13.9 ,N/A,
00:23,4.6 ,1,0,1,N/A,0,6-7.5 P,N/A,09:59,00:00,0.0 ,14.4 ,N/A,
00:24,4.3 ,1,0,1,N/A,0,>9 P,N/A,09:59,00:00,0.0 ,13.9 ,N/A,Too Fast
00:24,4.0 ,1,0,1,N/A,0,>9 P,N/A,09:59,00:00,0.0 ,13.9 ,N/A,Too Fast
00:24,4.0 ,1,0,1,N/A,0,6-7.5 P,N/A,09:59,00:00,0.0 ,13.9 ,N/A,
00:24,4.0 ,1,0,1,N/A,0,0-3 P,N/A,09:59,00:00,0.0 ,13.9 ,N/A,
00:24,4.3 ,1,0,1,N/A,0,0-3 P,N/A,09:59,00:00,0.0 ,14.4 ,N/A,
00:24,4.3 ,1,0,1,N/A,0,0-3 P,N/A,09:59,00:00,0.0 ,13.9 ,N/A,
00:24,4.6 ,1,0,1,N/A,0,0-3 P,N/A,09:59,00:00,0.0 ,14.4 ,N/A,
00:24,4.9 ,1,0,1,N/A,0,0-3 P,N/A,09:59,00:00,0.0 ,14.4 ,N/A,
00:24,4.6 ,1,0,1,N/A,0,0-3 P,N/A,09:59,00:00,0.0 ,14.4 ,N/A,
00:24,4.3 ,1,0,1,N/A,0,4.5-6 P,N/A,09:59,00:00,0.0 ,13.9 ,N/A,
00:24,4.3 ,1,0,1,N/A,0,6-7.5 P,N/A,09:59,00:00,0.0 ,13.9 ,N/A,
00:24,4.3 ,1,0,1,N/A,0,3-4.5 P,N/A,09:59,00:00,0.0 ,13.9 ,N/A,
00:24,4.0 ,1,0,1,N/A,0,3-4.5 P,N/A,09:59,00:00,0.0 ,13.9 ,N/A,
00:24,3.7 ,1,0,1,N/A,0,4.5-6 P,N/A,09:59,00:00,0.0 ,13.9 ,N/A,
00:24,3.7 ,1,0,1,N/A,0,4.5-6 P,N/A,09:59,00:00,0.0 ,14.4 ,N/A,
00:24,3.4 ,1,0,1,N/A,0,6-7.5 P,N/A,09:59,00:00,0.0 ,13.9 ,N/A,
00:24,3.4 ,1,0,1,N/A,0,3-4.5 P,N/A,09:59,00:00,0.0 ,14.4 ,N/A,
00:24,3.0 ,1,0,1,N/A,0,4.5-6 P,N/A,09:59,00:00,0.0 ,14.4 ,N/A,
00:24,3.0 ,1,0,1,N/A,0,3-4.5 P,N/A,09:59,00:00,0.0 ,14.4 ,N/A,
00:24,2.7 ,1,0,1,N/A,0,3-4.5 P,N/A,09:59,00:00,0.0 ,13.9 ,N/A,
00:24,2.4 ,1,0,1,N/A,0,6-7.5 P,N/A,09:59,00:00,0.0 ,14.4 ,N/A,
00:24,2.1 ,1,0,1,N/A,0,6-7.5 P,N/A,09:59,00:00,0.0 ,14.4 ,N/A,
00:24,1.8 ,1,0,1,N/A,0,6-7.5 P,N/A,09:59,00:00,0.0 ,13.9 ,N/A,
00:24,1.5 ,1,0,1,N/A,0,>9 P,N/A,09:59,00:00,0.0 ,14.4 ,N/A,Too Fast
